-- MySQL dump 10.13  Distrib 8.4.4, for Win64 (x86_64)
--
-- Host: localhost    Database: find_pc_db
-- ------------------------------------------------------
-- Server version	8.4.4

/*!40101 SET @OLD_CHARACTER_SET_CLIENT=@@CHARACTER_SET_CLIENT */;
/*!40101 SET @OLD_CHARACTER_SET_RESULTS=@@CHARACTER_SET_RESULTS */;
/*!40101 SET @OLD_COLLATION_CONNECTION=@@COLLATION_CONNECTION */;
/*!50503 SET NAMES utf8mb4 */;
/*!40103 SET @OLD_TIME_ZONE=@@TIME_ZONE */;
/*!40103 SET TIME_ZONE='+00:00' */;
/*!40014 SET @OLD_UNIQUE_CHECKS=@@UNIQUE_CHECKS, UNIQUE_CHECKS=0 */;
/*!40014 SET @OLD_FOREIGN_KEY_CHECKS=@@FOREIGN_KEY_CHECKS, FOREIGN_KEY_CHECKS=0 */;
/*!40101 SET @OLD_SQL_MODE=@@SQL_MODE, SQL_MODE='NO_AUTO_VALUE_ON_ZERO' */;
/*!40111 SET @OLD_SQL_NOTES=@@SQL_NOTES, SQL_NOTES=0 */;

--
-- Current Database: `find_pc_db`
--

CREATE DATABASE /*!32312 IF NOT EXISTS*/ `find_pc_db` /*!40100 DEFAULT CHARACTER SET utf8mb4 COLLATE utf8mb4_0900_ai_ci */ /*!80016 DEFAULT ENCRYPTION='N' */;

USE `find_pc_db`;

--
-- Table structure for table `brand_table`
--

DROP TABLE IF EXISTS `brand_table`;
/*!40101 SET @saved_cs_client     = @@character_set_client */;
/*!50503 SET character_set_client = utf8mb4 */;
CREATE TABLE `brand_table` (
  `id` int NOT NULL AUTO_INCREMENT,
  `name` varchar(100) DEFAULT NULL,
  PRIMARY KEY (`id`),
  UNIQUE KEY `name` (`name`)
) ENGINE=InnoDB AUTO_INCREMENT=86 DEFAULT CHARSET=utf8mb4 COLLATE=utf8mb4_0900_ai_ci;
/*!40101 SET character_set_client = @saved_cs_client */;

--
-- Dumping data for table `brand_table`
--

LOCK TABLES `brand_table` WRITE;
/*!40000 ALTER TABLE `brand_table` DISABLE KEYS */;
INSERT INTO `brand_table` VALUES (5,'ACER'),(2,'AMD'),(32,'Antec'),(39,'Apexgaming'),(38,'BitFenix'),(35,'COUGAR'),(43,'darkFlash'),(31,'DEEPCOOL'),(44,'Fractal'),(30,'ID-COOLING'),(9,'INNO3D'),(1,'Intel'),(24,'KLEVV'),(29,'Montech'),(50,'NZXT'),(49,'Phanteks'),(47,'SAMA'),(27,'WD'),(37,'XPG'),(10,'ZOTAC'),(28,'三星'),(46,'亞碩'),(51,'保銳'),(42,'全漢'),(25,'十銓'),(33,'喬思伯'),(22,'威剛'),(6,'微星'),(8,'技嘉'),(12,'撼訊'),(48,'旋剛'),(40,'曜越'),(53,'海盜船'),(26,'美光'),(41,'聯力'),(4,'華擎'),(7,'華碩'),(45,'視博通'),(52,'迎廣'),(34,'酷碼'),(23,'金士頓'),(36,'銀欣'),(11,'麗臺');
/*!40000 ALTER TABLE `brand_table` ENABLE KEYS */;
UNLOCK TABLES;

--
-- Table structure for table `case_table`
--

DROP TABLE IF EXISTS `case_table`;
/*!40101 SET @saved_cs_client     = @@character_set_client */;
/*!50503 SET character_set_client = utf8mb4 */;
CREATE TABLE `case_table` (
  `id` int unsigned NOT NULL AUTO_INCREMENT,
  `brand` varchar(255) NOT NULL,
  `name` varchar(255) NOT NULL,
  `model` varchar(50) DEFAULT NULL,
  `motherboard_form` varchar(50) DEFAULT NULL,
  `price` int unsigned DEFAULT NULL,
  `brand_id` int DEFAULT NULL,
  PRIMARY KEY (`id`),
  KEY `fk_case_brand` (`brand_id`),
  CONSTRAINT `fk_case_brand` FOREIGN KEY (`brand_id`) REFERENCES `brand_table` (`id`)
) ENGINE=InnoDB AUTO_INCREMENT=6249 DEFAULT CHARSET=utf8mb4 COLLATE=utf8mb4_0900_ai_ci;
/*!40101 SET character_set_client = @saved_cs_client */;

--
-- Dumping data for table `case_table`
--

LOCK TABLES `case_table` WRITE;
/*!40000 ALTER TABLE `case_table` DISABLE KEYS */;
INSERT INTO `case_table` VALUES (1,'華碩','華碩 ProArt PA401 Wood 木質透側版/ATX + 華碩 PRIME 750W 銅牌/直出線/6年保','PA401','ATX',5580,7),(2,'COUGAR','COUGAR Duoface RGB 白 卡33/U高19/雙面板/Logo燈效/玻璃透側/E-ATX 原價$2590！','COUGAR','ATX',2590,35),(3,'銀欣','銀欣 SUGO 14 白 顯卡長33/CPU高18.2/電供深15/ITX','SUGO','ITX',3200,36),(4,'XPG','XPG STARKER AIR C 黑 顯卡長35/U高16.5/磁吸面板/玻璃透側/ATX 原價$2290！','STARKER','ATX',2290,37),(5,'XPG','XPG STARKER AIR C 白 顯卡長35/U高16.5/磁吸面板/玻璃透側/ATX 原價$2390！','STARKER','ATX',2390,37),(6,'BitFenix','BitFenix 亞瑟之劍 鐵網版 黑 顯卡長38/CPU高16.3/玻璃透側/ATX 原價$1990！','1990','ATX',1990,38),(7,'BitFenix','BitFenix 亞瑟之劍 鐵網版 白 顯卡長38/CPU高16.3/玻璃透側/ATX 原價$2090！','2090','ATX',2090,38),(8,'Apexgaming','Apexgaming V300 黑 顯卡長34/CPU高16/玻璃透側/分艙設計/M-ATX 原價$1290','V300','ATX',1290,39),(9,'Apexgaming','Apexgaming V300 白 顯卡長34/CPU高16/玻璃透側/分艙設計/M-ATX 原價$1390','V300','ATX',1390,39),(10,'Apexgaming','Apexgaming 蓋亞GAIA 黑 顯卡長40/CPU高17/玻璃透側/鋁拉絲小牛皮飾板/E-ATX','E-ATX','ATX',1590,39),(11,'Apexgaming','Apexgaming 蓋亞GAIA 白 顯卡長40/CPU高17/玻璃透側/鋁拉絲小牛皮飾板/E-ATX','E-ATX','ATX',1690,39),(12,'曜越','曜越 View 300 MX 黑 顯卡長40/CPU高17.5/玻璃透側/雙面版/E-ATX 獨家原價$3990！','E-ATX','ATX',3990,40),(13,'銀欣','銀欣 RM23-502 2U工業機殼/CPU高6.5/ATX','RM23-502','ATX',3500,36),(14,'銀欣','銀欣 RM400 4U工業機殼/CPU高13/ATX/CEB','RM400','ATX',4890,36),(15,'喬思伯','喬思伯 N3 顯卡長25/CPU高13/3.5*8 硬碟位/NAS推薦/上下分艙/ITX【SFX】','3990','ITX',3990,33),(16,'喬思伯','喬思伯 N4 黑 顯卡長23','M-ATX','ATX',2990,33),(17,'喬思伯','喬思伯 N4 白 顯卡長23','M-ATX','ATX',2990,33),(18,'喬思伯','喬思伯 N5 顯卡長35/CPU高16/3.5*12 硬碟位/NAS推薦/上下分艙/E-ATX','E-ATX','ATX',5990,33),(19,'聯力','聯力 A4-H2O 黑 /PCIe 4.0/顯卡長32.2/CPU高5.5/鋁合金/ITX【SFX】','A4-H2O','ITX',4500,41),(20,'聯力','聯力 A4-H2O 銀 /PCIe 4.0/顯卡長32.2/CPU高5.5/鋁合金/ITX【SFX】','A4-H2O','ITX',4500,41),(21,'酷碼','酷碼 MasterBox NR200 黑 顯卡長33/CPU高15.5','NR200','ITX',1990,34),(22,'酷碼','酷碼 MasterBox NR200 白 顯卡長33/CPU高15.5','NR200','ITX',1990,34),(23,'酷碼','酷碼 MasterBox NR200P V2 黑/卡35.6/U高6.7/含玻璃側版/PCIe4.0延長線/ITX【SFX】','NR200P','ITX',3290,34),(24,'酷碼','酷碼 MasterBox NR200P V2 白/卡35.6/U高6.7/含玻璃側版/PCIe4.0延長線/ITX【SFX】','NR200P','ITX',3290,34),(25,'酷碼','酷碼 MasterBox NR200P MAX 卡長33.6/含280水冷/850W SFX電源/PCIe4.0延長線/ITX','NR200P','ITX',11990,34),(26,'酷碼','酷碼 Ncore 100 MAX 槍灰 顯卡長35.7/120厚排水冷/850W SFX電源/PCIe4.0延長線/ITX','850W','ITX',12500,34),(27,'酷碼','酷碼 Ncore 100 MAX 古銅 顯卡長35.7/120厚排水冷/850W SFX電源/PCIe4.0延長線/ITX','850W','ITX',12500,34),(28,'全漢','全漢 CST351 顯卡長33.6/CPU高13.8','CST351','ITX',1990,42),(29,'銀欣','銀欣 ML09 黑 顯卡長17.5','ML09','ITX',2040,36),(30,'銀欣','銀欣 LD03 顯卡長30.9','LD03','ITX',4490,36),(31,'銀欣','銀欣 SG05-LITE 黑 顯卡長22.8/CPU高8/ITX','SG05-LITE','ITX',1400,36),(32,'darkFlash','darkFlash DLH 21 粉 顯卡','2090','ITX',2090,43),(33,'Fractal','Fractal Design Ridge 黑 顯卡長33.5','4890','ITX',4890,44),(34,'Fractal','Fractal Design Terra 黑 卡長32.2','6790','ITX',6790,44),(35,'Fractal','Fractal Design Terra 銀 卡長32.2','6790','ITX',6790,44),(36,'Fractal','Fractal Design Terra 綠 卡長32.2','6790','ITX',6790,44),(37,'Fractal','Fractal Design Mood 灰 顯卡長32.5','5990','ITX',5990,44),(38,'Fractal','Fractal Design Mood 黑 顯卡長32.5','5990','ITX',5990,44),(39,'Fractal','Fractal Design Era 2 銀色 顯卡長32.6/厚4.8','7900','ITX',7900,44),(40,'Fractal','Fractal Design Era 2 深灰 顯卡長32.6/厚4.8','7900','ITX',7900,44),(41,'Fractal','Fractal Design Era 2 午夜藍 顯卡長32.6/厚4.8','7900','ITX',7900,44),(42,'喬思伯','喬思伯 TK-0 黑 顯卡長23/CPU高13.7/雙折彎環形玻璃/胡桃木面板/ITX【SFX】','TK-0','ITX',3490,33),(43,'喬思伯','喬思伯 TK-0 白 顯卡長23/CPU高13.7/雙折彎環形玻璃/胡桃木面板/ITX【SFX】','TK-0','ITX',3490,33),(44,'華碩','華碩 Prime AP201 黑/方形進氣孔/前Type-C/M-ATX+華碩 TUF GAMING 650W銅牌電源','AP201','ATX',3990,7),(45,'華碩','華碩 Prime AP201 白/方形進氣孔/前Type-C/M-ATX+華碩 TUF GAMING 650W銅牌電源','AP201','ATX',3990,7),(46,'華碩','華碩 Prime AP201 TG 黑/玻璃透側/M-ATX + 華碩 Prime LC 360 ARGB','AP201','ATX',4390,7),(47,'華碩','華碩 Prime AP201 TG 白/玻璃透側/M-ATX + 華碩 Prime LC 360 ARGB','AP201','ATX',4590,7),(48,'華碩','華碩 A31 PLUS 黑 /全景玻璃/背插/ATX + 華碩 PRIME 750W Gold 金牌/全模','PLUS','ATX',5200,7),(49,'華碩','華碩 A31 PLUS 白 /全景玻璃/背插/ATX + 華碩 PRIME 750W Gold 金牌/全模','PLUS','ATX',5200,7),(50,'華碩','華碩 A21 黑 顯卡長38/CPU高16.5/玻璃透側/支援背插/M-ATX 送振華12cm冰渦輪風扇*1','M-ATX','ATX',1490,7),(51,'華碩','華碩 A21 白 顯卡長38/CPU高16.5/玻璃透側/支援背插/M-ATX 送振華12cm冰渦輪風扇*1','M-ATX','ATX',1590,7),(52,'華碩','華碩 A21 PLUS 黑 顯卡長38/CPU高16.5/玻璃透側/ARGB風扇*4/支援背插/M-ATX','PLUS','ATX',2090,7),(53,'華碩','華碩 A21 PLUS 白 顯卡長38/CPU高16.5/玻璃透側/ARGB風扇*4/支援背插/M-ATX','PLUS','ATX',2190,7),(54,'華碩','華碩 A23 PLUS 黑 顯卡長38/CPU高16.5/玻璃透側/懸浮玻璃面板/支援背插/M-ATX','PLUS','ATX',2290,7),(55,'華碩','華碩 A23 PLUS 白 顯卡長38/CPU高16.5/玻璃透側/懸浮玻璃面板/支援背插/M-ATX','PLUS','ATX',2390,7),(56,'華碩','華碩 A31 黑 顯卡長38/CPU高16.5/全景玻璃透側/支援背插/傾斜基座設計/ATX','1690','ATX',1690,7),(57,'華碩','華碩 A31 白 顯卡長38/CPU高16.5/全景玻璃透側/支援背插/傾斜基座設計/ATX','1790','ATX',1790,7),(58,'華碩','華碩 A31 PLUS 黑 顯卡長38/U高16.5/全景玻璃/支援背插/傾斜基座/ARGB風扇*4/ATX','PLUS','ATX',2390,7),(59,'華碩','華碩 A31 PLUS 白 顯卡長38/U高16.5/全景玻璃/支援背插/傾斜基座/ARGB風扇*4/ATX','PLUS','ATX',2490,7),(60,'華碩','華碩 Prime AP201 黑 顯卡長33.8/CPU高17/方形進氣孔/前置Type-C/M-ATX','AP201','ATX',1890,7),(61,'華碩','華碩 Prime AP201 白 顯卡長33.8/CPU高17/方形進氣孔/前置Type-C/M-ATX','AP201','ATX',1990,7),(62,'華碩','華碩 Prime AP201 TG 黑 顯卡長33.8/CPU高17/玻璃透側/前置Type-C/M-ATX','AP201','ATX',1990,7),(63,'華碩','華碩 Prime AP201 TG 白 顯卡長33.8/CPU高17/玻璃透側/前置Type-C/M-ATX','AP201','ATX',2090,7),(64,'華碩','華碩 TUF Gaming GT301 顯卡長32/CPU高16/耳機架/玻璃透側/ATX▼下殺到 5/31 21:00','GT301','ATX',2390,7),(65,'華碩','華碩 TUF Gaming GT302 ARGB 黑 顯卡長40.7/U高16.5/玻璃透側/支援背插/E-ATX','GT302','ATX',3490,7),(66,'華碩','華碩 TUF Gaming GT302 ARGB 白 顯卡長40.7/U高16.5/玻璃透側/支援背插/E-ATX','GT302','ATX',3690,7),(67,'華碩','華碩 TUF Gaming GT501VC 顯卡長42/CPU高18/玻璃透側/無攜行把手','GT501VC','ATX',3790,7),(68,'華碩','華碩 TUF Gaming GT501 顯卡長42/CPU高18/玻璃透側/ATX','GT501','ATX',3790,7),(69,'華碩','華碩 TUF Gaming GT501 白色版 顯卡長42/CPU高18/玻璃透側/ATX','GT501','ATX',3990,7),(70,'華碩','華碩 TUF Gaming GT502 Horizon 無界版 卡長40/U高16.3/分艙設計/全景玻璃透側/ATX','GT502','ATX',4690,7),(71,'華碩','華碩 TUF Gaming GT502 Horizon/ATX+華碩TR120 ARGB','GT502','ATX',5890,7),(72,'華碩','華碩 TUF Gaming GT502 Horizon 白色版 卡長40/U高16.3/分艙設計/全景玻璃透側/ATX','GT502','ATX',4890,7),(73,'華碩','華碩 TUF Gaming GT502 Horizon','GT502','ATX',5990,7),(74,'華碩','華碩 ProArt PA401 Wood 木質金屬版 顯卡長31.5/CPU高16/金屬側板/ATX','PA401','ATX',2890,7),(75,'華碩','華碩 ProArt PA401 Wood 木質透側版 顯卡長31.5/CPU高16/玻璃透側/ATX','PA401','ATX',2990,7),(77,'華碩','華碩 ProArt PA602 顯卡長44/CPU高18.5/玻璃透側/紅外線灰塵偵測/E-ATX','PA602','ATX',6490,7),(78,'華碩','華碩 ProArt PA602 Wood 木質金屬版 卡長44/U高18.5/金屬側板/紅外線灰塵偵測/E-ATX','PA602','ATX',7490,7),(79,'華碩','華碩 ProArt PA602 Wood 木質透側版 卡長44/U高18.5/玻璃透側/紅外線灰塵偵測/E-ATX','PA602','ATX',7890,7),(80,'華碩','華碩 ROG Strix Helios 顯卡長45/CPU高19/玻璃透側/E-ATX','E-ATX','ATX',8990,7),(81,'華碩','華碩 ROG Strix Helios 白色版 顯卡長45/CPU高19/玻璃透側/E-ATX','E-ATX','ATX',9990,7),(82,'華碩','華碩 ROG Hyperion GR701 創世神 顯卡長46/CPU高19/玻璃透側/E-ATX','GR701','ATX',13990,7),(83,'華碩','華碩 ROG Hyperion GR701 BTF 創世神 顯卡長46/CPU高19/玻璃透側/支援背插/E-ATX','GR701','ATX',14990,7),(84,'華碩','華碩 ROG Hyperion GR701 創世神 白色版 顯卡長46/CPU高19/玻璃透側/E-ATX','GR701','ATX',14990,7),(85,'視博通','視博通 蒼龍戰士 + 視博通 450W電源','1190','ATX',1190,45),(86,'視博通','視博通 LAM211D + 視博通 500W電源','LAM211D','ATX',1990,45),(87,'視博通','視博通 小尖兵 PLUS 顯卡長29/CPU高17/透明上蓋/前置Type-C/M-ATX','PLUS','ATX',1690,45),(88,'視博通','視博通 小至尊 顯卡長33/CPU高14/前置讀卡機/M-ATX','M-ATX','ATX',890,45),(89,'視博通','視博通 SAK251 黑 顯卡長33.5/U高16.8/前置Type-C/玻璃透側/支援背插/M-ATX','SAK251','ATX',1790,45),(90,'視博通','視博通 MW-III 顯卡長35/CPU高16.5/網孔面板+燈條/玻璃透側/E-ATX','MW-III','ATX',1590,45),(91,'視博通','視博通 LEM003M 黑 顯卡長31.5/CPU高16.5/金屬網孔側板/M-ATX','LEM003M','ATX',890,45),(92,'視博通','視博通 LEX100M 黑 顯卡長31.5/CPU高16.5/定光RGB扇*5/全景玻璃透側/M-ATX','LEX100M','ATX',1090,45),(93,'視博通','視博通 LAI099 黑 顯卡長37.5/CPU高18/玻璃透側/E-ATX','LAI099','ATX',1690,45),(94,'視博通','視博通 LAI099 白 顯卡長37.5/CPU高18/玻璃透側/E-ATX','LAI099','ATX',1790,45),(95,'視博通','視博通 LAI099 ARGB 黑 顯卡長37.5/CPU高18/玻璃透側/E-ATX','LAI099','ATX',1990,45),(96,'視博通','視博通 LAI099 ARGB 黑 /玻璃透側/E-ATX + DEEPCOOL AG620 ARGB 雙塔散熱器','LAI099','ATX',2990,45),(97,'視博通','視博通 LAI099 ARGB 白 顯卡長37.5/CPU高18/玻璃透側/E-ATX','LAI099','ATX',2090,45),(98,'視博通','視博通 LAI099 ARGB 白 /玻璃透側/E-ATX + DEEPCOOL AG620 WH ARGB雙塔散熱器','LAI099','ATX',3190,45),(99,'視博通','視博通 LAH245 黑 顯卡長42/CPU高18.5/全景玻璃透側/支援背插','LAH245','ATX',2290,45),(100,'視博通','視博通 SW200 黑 顯卡長40/CPU高16.3/壓克力透側/ATX','SW200','ATX',1090,45),(101,'視博通','視博通 SW300 M 黑 顯卡長35/CPU高16.6/前置Type-C/下壓式防塵網/玻璃透側/M-ATX','SW300','ATX',1490,45),(102,'視博通','視博通 SW300 黑 顯卡長34.5/U高16.3/玻璃透側/E-ATX 送快睿 CR401 ARGB散熱器！','SW300','ATX',1890,45),(103,'視博通','視博通 SW300 白 顯卡長34.5/U高16.3/玻璃透側/E-ATX 送快睿 CR401 ARGB散熱器！','SW300','ATX',1990,45),(104,'視博通','視博通 SW437 顯卡長41.5','SW437','ATX',1990,45),(105,'視博通','視博通 幻彩男爵 黑 顯卡長34.5/CPU高16.3/20cm風扇*2/前置Type-C/玻璃透側/E-ATX','E-ATX','ATX',1890,45),(106,'視博通','視博通 幻彩男爵 白 顯卡長34.5/CPU高16.3/20cm風扇*2/前置Type-C/玻璃透側/E-ATX','E-ATX','ATX',1990,45),(107,'Montech','Montech Air 100 LITE 黑/側掀玻璃側板/M-ATX + GAMMA II 550W/金牌電源 現省$330','LITE','ATX',330,29),(108,'Montech','Montech Air 100 LITE 黑/側掀玻璃側板/M-ATX + GAMMA II 650W/金牌電源 現省$290','LITE','ATX',290,29),(109,'Montech','Montech SKY ONE LITE 黑/側掀玻璃側板/ATX + Montech GAMMA II 750W/金牌電源','LITE','ATX',3590,29),(110,'Montech','Montech Air 903 MAX 黑/玻璃側板/E-ATX + 創世紀 CENTURY 850W/金牌/全模組電源','E-ATX','ATX',3890,29),(111,'Montech','Montech XR Wood 黑/玻璃側板/ATX+CENTURY G5 850W/金牌/ATX3.0','CENTURY','ATX',4190,29),(112,'Montech','Montech X1 黑 顯卡長30.5/CPU高16.5/網孔面板/玻璃透側/ATX','1090','ATX',1090,29),(113,'Montech','Montech X1 白 顯卡長30.5/CPU高16.5/網孔面板/玻璃透側/ATX','1190','ATX',1190,29),(114,'Montech','Montech X3 MESH 黑 顯卡長30.5/CPU高16/內建風扇*6/側掀玻璃側板/ATX','MESH','ATX',1490,29),(115,'Montech','Montech X3 MESH 白 顯卡長30.5/CPU高16/內建風扇*6/側掀玻璃側板/ATX','MESH','ATX',1590,29),(116,'Montech','Montech XR 黑 顯卡長42/CPU高17.5/全景玻璃透側/ATX','1590','ATX',1590,29),(117,'Montech','Montech XR 白 顯卡長42/CPU高17.5/全景玻璃透側/ATX','1690','ATX',1690,29),(118,'Montech','Montech XR Wood 黑 顯卡長42/CPU高17.5/玻璃側板/胡桃木混搭面板/ATX','1890','ATX',1890,29),(119,'Montech','Montech XR Wood 白 顯卡長42/CPU高17.5/玻璃側板/胡桃木混搭面板/ATX','1990','ATX',1990,29),(120,'Montech','Montech Air 100 LITE 黑 顯卡長33/CPU高16.1/磁吸面板/側掀玻璃側板/M-ATX','LITE','ATX',1190,29),(121,'Montech','Montech Air 100 LITE 白 顯卡長33/CPU高16.1/磁吸面板/側掀玻璃側板/M-ATX','LITE','ATX',1290,29),(122,'Montech','Montech Air 100 ARGB 黑 顯卡長33/CPU高16.1/磁吸面板/側掀玻璃側板/M-ATX','ARGB','ATX',1690,29),(123,'Montech','Montech Air 100 ARGB 白 顯卡長33/CPU高16.1/磁吸面板/側掀玻璃側板/M-ATX','ARGB','ATX',1890,29),(124,'Montech','Montech Air 903 BASE 黑 顯卡長40/CPU高18/前置Type-C/玻璃側板/E-ATX','BASE','ATX',1590,29),(125,'Montech','Montech Air 903 BASE 白 顯卡長40/CPU高18/前置Type-C/玻璃側板/E-ATX','BASE','ATX',1790,29),(126,'Montech','Montech Air 903 MAX 黑 顯卡長40/CPU高18/快拆網孔面板/玻璃側板/E-ATX','E-ATX','ATX',1890,29),(127,'Montech','Montech Air 903 MAX 白 顯卡長40/CPU高18/快拆網孔面板/玻璃側板/E-ATX','E-ATX','ATX',2090,29),(128,'Montech','Montech Air 1000 LITE 黑 顯卡長34/CPU高16.5/側掀玻璃側板/ATX','1000','ATX',1490,29),(129,'Montech','Montech Air 1000 LITE 白 顯卡長34/CPU高16.5/側掀玻璃側板/ATX','1000','ATX',1590,29),(130,'Montech','Montech Air 1000 Silent 靜音版 顯卡長34/CPU高16.5/上抽式防塵網/ATX','1000','ATX',1690,29),(131,'Montech','Montech Air 1000 PREMIUM 黑 顯卡長34/CPU高16.5/玻璃側板/雙面板','1000','ATX',1990,29),(132,'Montech','Montech Air 1000 PREMIUM 白 顯卡長34/CPU高16.5/玻璃側板/雙面板','1000','ATX',2190,29),(133,'Montech','Montech SKY ONE LITE 黑 顯卡長35/CPU高17/前置Type-C/側掀玻璃側板/ATX','LITE','ATX',1690,29),(134,'Montech','Montech SKY ONE LITE 白 顯卡長35/CPU高17/前置Type-C/側掀玻璃側板/ATX','LITE','ATX',1890,29),(135,'Montech','Montech SKY TWO 黑 顯卡長40/CPU高16.8/創新風流設計/玻璃透側/ATX','2390','ATX',2390,29),(136,'Montech','Montech SKY TWO 白 顯卡長40/CPU高16.8/創新風流設計/玻璃透側/ATX','2490','ATX',2490,29),(137,'Montech','Montech SKY TWO 藍 顯卡長40/CPU高16.8/創新風流設計/玻璃透側/ATX','2790','ATX',2790,29),(138,'Montech','Montech SKY TWO GX 黑 顯卡長40/U高16.8/側掀玻璃側板/E-ATX 送AX120','E-ATX','ATX',2490,29),(139,'Montech','Montech SKY TWO GX 白 顯卡長40/U高16.8/側掀玻璃側板/E-ATX 送AX120','E-ATX','ATX',2690,29),(140,'Montech','Montech KING 65 PRO 黑 顯卡長42/CPU高17.5/分艙設計/全景玻璃透側/ATX','KING','ATX',2690,29),(141,'Montech','Montech KING 65 PRO 白 顯卡長42/CPU高17.5/分艙設計/全景玻璃透側/ATX','KING','ATX',2690,29),(142,'Montech','Montech KING 95 藍 顯卡長42/CPU高17.5/分艙設計/全景玻璃+網孔模式/ATX','KING','ATX',3390,29),(143,'Montech','Montech KING 95 紅 顯卡長42/CPU高17.5/分艙設計/全景玻璃+網孔模式/ATX','KING','ATX',3390,29),(144,'Montech','Montech KING 95 PRO 黑 顯卡長42/CPU高17.5/六風扇/分艙設計/全景玻璃+網孔/ATX','KING','ATX',3990,29),(145,'Montech','Montech KING 95 PRO 白 顯卡長42/CPU高17.5/六風扇/分艙設計/全景玻璃+網孔/ATX','KING','ATX',4190,29),(146,'Montech','Montech KING 95 PRO 藍 顯卡長42/CPU高17.5/六風扇/分艙設計/全景玻璃+網孔/ATX','KING','ATX',4590,29),(147,'Montech','Montech KING 95 PRO 紅 顯卡長42/CPU高17.5/六風扇/分艙設計/全景玻璃+網孔/ATX','KING','ATX',4590,29),(148,'Montech','Montech Heritage PRO 黑 顯卡長40/CPU高17/玻璃側板/皮革裝飾+提帶/M-ATX','M-ATX','ATX',2990,29),(149,'Montech','Montech Heritage PRO 白 顯卡長40/CPU高17/玻璃側板/皮革裝飾+提帶/M-ATX','M-ATX','ATX',3090,29),(150,'Montech','Montech HS01 PRO 黑 卡40/U高17/可翻轉機身/下沉式風扇/前網+玻璃透側/背插/ATX','HS01','ATX',2990,29),(151,'Montech','Montech HS01 PRO 白 卡40/U高17/可翻轉機身/下沉式風扇/前網+玻璃透側/背插/ATX','HS01','ATX',2990,29),(152,'Montech','Montech HS02 PRO 黑 卡42/U高17.5/可翻轉機身/下沉式風扇/全景玻璃透側/背插/ATX','HS02','ATX',3190,29),(153,'Montech','Montech HS02 PRO 白 卡42/U高17.5/可翻轉機身/下沉式風扇/全景玻璃透側/背插/ATX','HS02','ATX',3190,29),(154,'微星','微星 MAG FORGE M100A 顯卡長30/CPU高16/壓克力透側/M-ATX▼下殺到 6/1 21:00','FORGE','ATX',1390,6),(155,'微星','微星 MAG FORGE M100R 顯卡長30/CPU高16/玻璃透側/M-ATX▼下殺到 6/1 21:00','FORGE','ATX',1790,6),(156,'微星','微星 MAG FORGE M100R WHITE 顯卡長30/CPU高16/玻璃透側/M-ATX▼下殺到 6/1 21:00','FORGE','ATX',1790,6),(157,'微星','微星 MAG FORGE 120A AIRFLOW 顯卡長33/CPU高16/標配6風扇/玻璃透側/ATX','FORGE','ATX',1590,6),(158,'微星','微星 MAG FORGE 320R AIRFLOW WHITE 顯卡長39/CPU高16/玻璃透側/ATX','FORGE','ATX',1990,6),(159,'微星','微星 MAG FORGE 321R AIRFLOW 顯卡長39/CPU高16/前置Type-C/玻璃透側/ATX','FORGE','ATX',2190,6),(160,'微星','微星 MAG PANO M100R PZ 黑 顯卡長39/U高17.5/全景玻璃透側/支援背插/M-ATX','PANO','ATX',2990,6),(161,'微星','微星 MAG PANO M100R PZ 白 顯卡長39/U高17.5/全景玻璃透側/支援背插/M-ATX','PANO','ATX',3190,6),(162,'微星','微星 MAG PANO 100R PZ 黑 卡長38/U高16.6/分艙設計/全景玻璃透側/支援背插/ATX','PANO','ATX',3990,6),(163,'微星','微星 MAG PANO 100R PZ 黑 /全景玻璃/背插/分艙/ATX+F120 ARGB','PANO','ATX',4590,6),(164,'微星','微星 MAG PANO 100R PZ 白 卡長38/U高16.6/分艙設計/全景玻璃透側/支援背插/ATX','PANO','ATX',4190,6),(165,'微星','微星 MAG PANO 100R PZ 白 /全景玻璃/背插/分艙/ATX+F120 ARGB','PANO','ATX',4790,6),(166,'微星','微星 MAG PANO 110R PZ 黑 顯卡長40/CPU高16/全景玻璃透側/支援背插/ATX','PANO','ATX',2290,6),(167,'微星','微星 MAG PANO 110R PZ 白 顯卡長40/CPU高16/全景玻璃透側/支援背插/ATX','PANO','ATX',2390,6),(168,'微星','微星 MPG VELOX 100R WHITE 顯卡長38/CPU高17.5/玻璃透側/ATX','VELOX','ATX',4190,6),(169,'微星','微星 MPG VELOX 300R AIRFLOW PZ 黑 卡40/U高16.5/玻璃透側/背插','VELOX','ATX',3990,6),(170,'微星','微星 MPG VELOX 300R AIRFLOW PZ 白 卡40/U高16.5/玻璃透側/背插','VELOX','ATX',4190,6),(171,'微星','微星 MPG GUNGNIR 300R AIRFLOW 顯卡長36/U高17.5/玻璃透側/顯卡支架/E-ATX','GUNGNIR','ATX',4990,6),(172,'微星','微星 MPG GUNGNIR 300P AIRFLOW 顯卡長36/U高17.5/玻璃透側/PCIe延長線/E-ATX','GUNGNIR','ATX',5390,6),(173,'技嘉','技嘉 C102 GLASS 顯卡長41/CPU高16.5/磁吸面板/玻璃透側/M-ATX','C102','ATX',1390,8),(174,'技嘉','技嘉 C102 GLASS ICE','C102','ATX',1490,8),(175,'技嘉','技嘉 C301 GLASS 顯卡長40/CPU高17/玻璃透側/E-ATX','C301','ATX',2290,8),(176,'技嘉','技嘉 C301 GLASS WHITE 顯卡長40/CPU高17/玻璃透側/E-ATX','C301','ATX',2490,8),(177,'技嘉','技嘉 C500 Panoramic Stealth 顯卡長41/CPU高17.6/全景玻璃透側/支援背插/ATX','C500','ATX',3290,8),(178,'技嘉','技嘉 C500 Panoramic Stealth ICE','C500','ATX',3490,8),(179,'技嘉','技嘉 AORUS C400 GLASS 顯卡長36/CPU高16.8/垂直風道/玻璃透側/ATX','AORUS','ATX',4290,8),(180,'技嘉','技嘉 AORUS C500 GLASS 顯卡長42/CPU高19/玻璃透側/E-ATX','AORUS','ATX',5490,8),(181,'darkFlash','darkFlash MOTI mini 網孔版 顯卡長30.5/CPU高18/玻璃透側/M-ATX','MOTI','ATX',1090,43),(182,'darkFlash','darkFlash MOTI mini 黑 顯卡長30.5/U高18/定光RGB扇*5/全景玻璃透側/M-ATX','MOTI','ATX',1490,43),(183,'darkFlash','darkFlash MOTI mini 白 顯卡長30.5/U高18/定光RGB扇*5/全景玻璃透側/M-ATX','MOTI','ATX',1490,43),(184,'darkFlash','darkFlash MOTI mini 粉 顯卡長30.5/U高18/定光RGB扇*5/全景玻璃透側/M-ATX','MOTI','ATX',1590,43),(185,'darkFlash','darkFlash MOTI 鏡之島 黑 顯卡長39/CPU高17/全景玻璃透側/M-ATX','MOTI','ATX',2190,43),(186,'darkFlash','darkFlash MOTI 鏡之島 黑 /玻璃透側/M-ATX + darkFlash DM12R PRO','MOTI','ATX',2690,43),(187,'darkFlash','darkFlash MOTI 鏡之島 白 顯卡長39/CPU高17/全景玻璃透側/M-ATX','MOTI','ATX',2190,43),(188,'darkFlash','darkFlash MOTI 鏡之島 白 /玻璃透側/M-ATX + darkFlash DM12R PRO','MOTI','ATX',2690,43),(189,'darkFlash','darkFlash DK353 黑 顯卡長34/U高16.5/12cm彩虹扇*4','DK353','ATX',990,43),(190,'darkFlash','darkFlash DK431 黑 顯卡長40/CPU高16/側掀玻璃/右側風口/E-ATX','DK431','ATX',1690,43),(191,'darkFlash','darkFlash DK431 白 顯卡長40/CPU高16/側掀玻璃/右側風口/E-ATX','DK431','ATX',1790,43),(192,'darkFlash','darkFlash DK431 粉 顯卡長40/CPU高16/側掀玻璃/右側風口/E-ATX','DK431','ATX',1890,43),(193,'darkFlash','darkFlash DRX70 黑 顯卡長35/CPU高18/玻璃透側/磁吸面板/顯卡支架/ATX','DRX70','ATX',1390,43),(194,'darkFlash','darkFlash DRX70 白 顯卡長35/CPU高18/玻璃透側/磁吸面板/顯卡支架/ATX','DRX70','ATX',1490,43),(195,'darkFlash','darkFlash DS900 黑 顯卡長42.5/U高17/全景玻璃透側/ARGB風扇*4/含顯卡支架/ATX','DS900','ATX',1590,43),(196,'darkFlash','darkFlash DS900 白 顯卡長42.5/U高17/全景玻璃透側/ARGB風扇*4/含顯卡支架/ATX','DS900','ATX',1690,43),(197,'darkFlash','darkFlash DF4100 黑 顯卡長43.5/CPU高18.5/玻璃透側/14cm風扇*4/支援背插/E-ATX','DF4100','ATX',1890,43),(198,'darkFlash','darkFlash DF4100 白 顯卡長43.5/CPU高18.5/玻璃透側/14cm風扇*4/支援背插/E-ATX','DF4100','ATX',2090,43),(199,'darkFlash','darkFlash DY470 黑 顯卡長41/CPU高17.5/分艙設計/全景玻璃/支援背插','DY470','ATX',3290,43),(200,'darkFlash','darkFlash DY470 白 顯卡長41/CPU高17.5/分艙設計/全景玻璃/支援背插','DY470','ATX',3290,43),(201,'darkFlash','darkFlash DLZ 31 黑橘 顯卡長39/CPU高17.2/A.RGB 14cm風扇*4/側掀玻璃/ATX','2790','ATX',2790,43),(202,'COUGAR','COUGAR Dust 2 鐵灰 顯卡長33','COUGAR','ITX',4890,35),(203,'COUGAR','COUGAR Dust 2 沙漠黃 顯卡長33','COUGAR','ITX',4890,35),(204,'COUGAR','COUGAR PURITY RGB 黑 顯卡長30.5/CPU高16/側掀玻璃/M-ATX','COUGAR','ATX',1390,35),(205,'COUGAR','COUGAR PURITY RGB 白 顯卡長30.5/CPU高16/側掀玻璃/M-ATX','COUGAR','ATX',1390,35),(206,'COUGAR','COUGAR MG140 Air RGB 黑 顯卡長35/CPU高16/玻璃透側/M-ATX','COUGAR','ATX',1990,35),(207,'COUGAR','COUGAR MG140 Air RGB 白 顯卡長35/CPU高16/玻璃透側/M-ATX','COUGAR','ATX',1990,35),(208,'COUGAR','COUGAR MX360 RGB 顯卡長31.5/CPU高17/玻璃透側/ATX','COUGAR','ATX',1390,35),(209,'COUGAR','COUGAR MX430 Air RGB 白 玻璃透側/顯卡長32/CPU高17.5/ATX','COUGAR','ATX',1790,35),(210,'COUGAR','COUGAR MX600 RGB 黑 顯卡長40/CPU高18/玻璃透側/方形進氣孔/E-ATX','COUGAR','ATX',3290,35),(211,'COUGAR','COUGAR MX600 RGB 白 顯卡長40/CPU高18/玻璃透側/方形進氣孔/E-ATX','COUGAR','ATX',3390,35),(212,'COUGAR','COUGAR Archon 2 RGB 黑 顯卡長31.5/CPU高17/玻璃透側/ATX','COUGAR','ATX',1690,35),(213,'COUGAR','COUGAR Archon 2 RGB 白 顯卡長31.5/CPU高17/玻璃透側/ATX','COUGAR','ATX',1690,35),(214,'COUGAR','COUGAR Archon 2 Mesh RGB 黑 顯卡長31.5/CPU高17/玻璃透側/ATX','COUGAR','ATX',1390,35),(215,'COUGAR','COUGAR Archon 2 Mesh RGB 白 顯卡長31.5/CPU高17/玻璃透側/ATX','COUGAR','ATX',1390,35),(216,'COUGAR','COUGAR Airface Pure Pro 黑 顯卡長32/CPU高17.5/玻璃透側/ATX','COUGAR','ATX',1890,35),(217,'COUGAR','COUGAR Airface Pure Pro 白 顯卡長32/CPU高17.5/玻璃透側/ATX','COUGAR','ATX',1990,35),(219,'COUGAR','COUGAR Duoface Pro RGB 黑 卡39/U高19/雙面板/可拆上蓋','COUGAR','ATX',2890,35),(220,'COUGAR','COUGAR Duoface Pro RGB 白 卡39/U高19/雙面板/可拆上蓋','COUGAR','ATX',2990,35),(221,'COUGAR','COUGAR Uniface Mini RGB 黑 顯卡長34/CPU高16/玻璃透側/M-ATX▼下殺到 5/31 21:00','COUGAR','ATX',1790,35),(222,'COUGAR','COUGAR Uniface Mini RGB 白 顯卡長34/CPU高16/玻璃透側/M-ATX▼下殺到 5/31 21:00','COUGAR','ATX',1890,35),(223,'COUGAR','COUGAR Uniface RGB 黑 顯卡長40/CPU高18/玻璃透側/E-ATX▼下殺到 5/31 21:00','COUGAR','ATX',2590,35),(224,'COUGAR','COUGAR Uniface RGB 白 顯卡長40/CPU高18/玻璃透側/E-ATX▼下殺到 5/31 21:00','COUGAR','ATX',2690,35),(225,'COUGAR','COUGAR FV150 RGB 黑 顯卡長40/CPU高18/分艙設計/全景玻璃透側/ATX','COUGAR','ATX',2290,35),(226,'COUGAR','COUGAR FV150 RGB 白 顯卡長40/CPU高18/分艙設計/全景玻璃透側/ATX','COUGAR','ATX',2390,35),(227,'COUGAR','COUGAR FV150 RGB 粉 顯卡長40/CPU高18/分艙設計/全景玻璃透側/ATX','COUGAR','ATX',2390,35),(228,'COUGAR','COUGAR FV270 RGB 黑 顯卡長42/CPU高18/曲面全景玻璃/支援背插/E-ATX','COUGAR','ATX',5490,35),(229,'COUGAR','COUGAR FV270 RGB 黑 /曲面全景玻璃/支援背插/E-ATX + 專用發光旋轉展示台','COUGAR','ATX',5990,35),(230,'COUGAR','COUGAR FV270 RGB 白 顯卡長42/CPU高18/曲面全景玻璃/支援背插/E-ATX','COUGAR','ATX',5590,35),(231,'COUGAR','COUGAR FV270 RGB 白 /曲面全景玻璃/支援背插/E-ATX + 專用發光旋轉展示台','COUGAR','ATX',6090,35),(232,'COUGAR','COUGAR BLAZER 顯卡長35/U高16/玻璃透側/鋁合金架構/ATX','COUGAR','ATX',7890,35),(233,'COUGAR','COUGAR CRATUS 顯卡長46/CPU高19/3D彎管工藝/四面玻璃透側/E-ATX','COUGAR','ATX',16990,35),(234,'亞碩','亞碩 M1 象牙白 顯卡長35/CPU高17/側掀式玻璃側板/網孔面板/M-ATX 特價原價$1390','M-ATX','ATX',1390,46),(235,'亞碩','亞碩 M2 花瓣粉 顯卡長35/CPU高17/側掀式玻璃側板/網孔面板/M-ATX 特價原價$1490','M-ATX','ATX',1490,46),(236,'SAMA','SAMA MG-II 顯卡長34.5/CPU高16/A.RGB面板燈條/玻璃透側/ATX','SAMA','ATX',1490,47),(237,'SAMA','SAMA MG-III 白 顯卡長34.5/U高16/20cm A.RGB風扇/前置Type-C/玻璃透側/ATX','SAMA','ATX',1790,47),(238,'SAMA','SAMA SAK702 新鏡界','SAMA','ATX',2490,47),(239,'SAMA','SAMA SAK451 大境界','SAMA','ATX',3490,47),(240,'SAMA','SAMA SAK452 元境界','SAMA','ATX',2990,47),(241,'SAMA','SAMA SAK736 幻境界','SAMA','ATX',1590,47),(242,'SAMA','SAMA SAK736 幻境界','SAMA','ATX',1690,47),(243,'SAMA','SAMA SAK2851 曲境界','SAMA','ATX',2890,47),(244,'SAMA','SAMA SAK2851 曲境界','SAMA','ATX',2990,47),(245,'旋剛','旋剛 光影者','1690','ATX',1690,48),(246,'旋剛','旋剛 馭風者','1690','ATX',1690,48),(247,'旋剛','旋剛 小暴風','S1000','ATX',1190,48),(248,'旋剛','旋剛 AK5M RGB 黑 顯卡長41/CPU高17/玻璃透側/支援背插/ATX','AK5M','ATX',2090,48),(249,'旋剛','旋剛 AK6 RGB 黑 顯卡長41/CPU高17/全景玻璃透側/支援背插/ATX','1990','ATX',1990,48),(250,'旋剛','旋剛 AK6 RGB 白 顯卡長41/CPU高17/全景玻璃透側/支援背插/ATX','2090','ATX',2090,48),(251,'旋剛','旋剛 VK3 RGB 顯卡長35/CPU高16/玻璃透側/ATX','1390','ATX',1390,48),(252,'旋剛','旋剛 TK5M RGB 顯卡長31','TK5M','ATX',1690,48),(253,'旋剛','旋剛 TG7M 天亟者 顯卡長38/CPU高17.2/金屬飾邊面板/玻璃透側/E-ATX','TG7M','ATX',2390,48),(254,'旋剛','旋剛 M30 BLACK 顯卡長38/CPU高17.2/E-ATX','BLACK','ATX',1790,48),(255,'旋剛','旋剛 M30 RGB 顯卡長38/CPU高17.2/玻璃透側/E-ATX','E-ATX','ATX',2390,48),(256,'旋剛','旋剛 RGB HEX 顯卡長35/CPU高15.8/標配12cm風扇*6/玻璃透側/ATX','1990','ATX',1990,48),(257,'旋剛','旋剛 RGB SLIDER 流影者 黑 顯卡長33.5/CPU高15.7/玻璃透側/RGB面板燈條/ATX','SLIDER','ATX',1190,48),(258,'旋剛','旋剛 RGB SLIDER 流影者 白 顯卡長33.5/CPU高15.7/玻璃透側/RGB面板燈條/ATX','SLIDER','ATX',1290,48),(259,'旋剛','旋剛 RGB WAVE 逐浪者 顯卡長31/CPU高15.7/玻璃透側/前置Type-C/ATX','WAVE','ATX',1790,48),(260,'旋剛','旋剛 Rebel C50 黑 RGB 顯卡長40/CPU高16.8/玻璃透側/內建顯卡支撐架/ATX','2790','ATX',2790,48),(261,'旋剛','旋剛 Rebel C50 白 RGB 顯卡長40/CPU高16.8/玻璃透側/內建顯卡支撐架/ATX','2790','ATX',2790,48),(262,'旋剛','旋剛 CA200G 玻璃版 顯卡長42.5/CPU高16.5/玻璃面板/玻璃透側/E-ATX','CA200G','ATX',2590,48),(263,'旋剛','旋剛 CA300H 黑 顯卡長40/U高16.5/側置Type C/RGB I/O設計/雙面玻璃透側/E-ATX','CA300H','ATX',3490,48),(264,'旋剛','旋剛 CA300T 黑 顯卡長40/U高16.5/側置Type C/RGB I/O設計/雙面玻璃透側/E-ATX','CA300T','ATX',3490,48),(265,'Antec','Antec CX200M 定光RGB 黑 顯卡長33/CPU高16.4/風扇*5/全景玻璃透側/M-ATX','CX200M','ATX',1390,32),(266,'Antec','Antec CX200M 定光RGB 白 顯卡長33/CPU高16.4/風扇*5/全景玻璃透側/M-ATX','CX200M','ATX',1390,32),(267,'Antec','Antec CX500M ARGB 白 顯卡長41.5/CPU高16.5/風扇*3/全景玻璃透側/M-ATX','CX500M','ATX',1690,32),(268,'Antec','Antec CX700 定光RGB ELITE 黑 顯卡長41/CPU高16/風扇*6/全景玻璃透側/ATX','CX700','ATX',1890,32),(269,'Antec','Antec CX700 定光RGB ELITE 白 顯卡長41/CPU高16/風扇*6/全景玻璃透側/ATX','CX700','ATX',1890,32),(270,'Antec','Antec CX700 ARGB 黑 顯卡長41/CPU高16/ARGB風扇*3/全景玻璃透側/ATX','CX700','ATX',1690,32),(271,'Antec','Antec CX700 ARGB 白 顯卡長41/CPU高16/ARGB風扇*3/全景玻璃透側/ATX','CX700','ATX',1790,32),(272,'Antec','Antec NX416L 白 顯卡長39/CPU高16.5/16cm*2前風扇/側掀玻璃側板/ATX','NX416L','ATX',2190,32),(273,'Antec','Antec DP505 白 顯卡長37.5/CPU高17/可拆式顯卡支架/玻璃透側/E-ATX','DP505','ATX',2690,32),(274,'Antec','Antec DF700 FLUX White 顯卡長40/CPU高17.5/創新風流架構/玻璃透側/ATX','DF700','ATX',2590,32),(275,'Antec','Antec DF800 FLUX White 顯卡長40.5/CPU高17.5/創新風流架構/玻璃透側/ATX','DF800','ATX',2690,32),(276,'Antec','Antec FLUX SE 顯卡長40.8/CPU高18/胡桃木混搭面板/金屬側板/支援背插/E-ATX','FLUX','ATX',2890,32),(277,'Antec','Antec FLUX 黑 顯卡長40.8/CPU高18/胡桃木混搭面板/玻璃透側/支援背插/E-ATX','FLUX','ATX',2890,32),(278,'Antec','Antec FLUX 白 顯卡長40.8/CPU高18/樺木混搭面板/玻璃透側/支援背插/E-ATX','FLUX','ATX',3090,32),(279,'Antec','Antec FLUX PRO 黑 顯卡長45.5/CPU高19/溫度顯示/胡桃木混搭面板/玻璃透側/E-ATX','FLUX','ATX',5490,32),(280,'Antec','Antec FLUX PRO 白 顯卡長45.5/CPU高19/溫度顯示/樺木混搭面板/玻璃透側/E-ATX','FLUX','ATX',5790,32),(281,'Antec','Antec C3 ARGB 黑 顯卡長41.5/CPU高16/全景玻璃透側/ATX','ARGB','ATX',2290,32),(282,'Antec','Antec C3 ARGB 白 顯卡長41.5/CPU高16/全景玻璃透側/ATX','ARGB','ATX',2490,32),(283,'Antec','Antec C5 ARGB 黑 顯卡長41/U高16/分艙設計/預裝7風扇/全景玻璃透側/支援背插/ATX','ARGB','ATX',3090,32),(284,'Antec','Antec C5 ARGB 白 顯卡長41/U高16/分艙設計/預裝7風扇/全景玻璃透側/支援背插/ATX','ARGB','ATX',3290,32),(285,'Antec','Antec C7 ARGB 黑 顯卡長45/CPU高18/全景玻璃透側/支援背插/ATX','ARGB','ATX',3290,32),(286,'Antec','Antec C7 ARGB 白 顯卡長45/CPU高18/全景玻璃透側/支援背插/ATX','ARGB','ATX',3490,32),(287,'Antec','Antec C8 White 顯卡長44/CPU高17.5/分艙設計/全景玻璃透側/E-ATX','E-ATX','ATX',3190,32),(288,'Antec','Antec C8 ARGB 黑 顯卡長44/CPU高17.5/分艙設計/全景玻璃透側/E-ATX','ARGB','ATX',3990,32),(289,'Antec','Antec C8 ARGB 白 顯卡長44/CPU高17.5/分艙設計/全景玻璃透側/E-ATX','ARGB','ATX',4190,32),(290,'Antec','Antec C8 Curve Wood 黑 顯卡長44/U高17.5/分艙設計/全景曲面玻璃/支援背插/E-ATX','E-ATX','ATX',3990,32),(291,'Antec','Antec C8 AL','E-ATX','ATX',3190,32),(292,'Antec','Antec P10 FLUX 靜音機殼/顯卡長40.5/CPU高17.5/創新風流架構/內建風速切換/ATX','FLUX','ATX',2290,32),(293,'Antec','Antec P10C 靜音機殼/顯卡長40.5/CPU高17.5/前置Type-C/內建風速切換/ATX','P10C','ATX',2690,32),(294,'Antec','Antec P20CE 顯卡長37.5/CPU高17/無透側版/可拆式顯卡支架/E-ATX','P20CE','ATX',2390,32),(295,'Antec','Antec P20C 白 顯卡長37.5/CPU高17/玻璃透側/可拆式顯卡支架/E-ATX','P20C','ATX',2590,32),(296,'Antec','Antec P101 Silent 靜音版 顯卡長29/CPU高18/E-ATX','P101','ATX',2690,32),(297,'Antec','Antec P120 Crystal 黑 顯卡長45/CPU高18.5/玻璃透側/E-ATX','P120','ATX',2990,32),(298,'Antec','Antec P120 Crystal 白 限量版/顯卡長45/CPU高18.5/玻璃透側/E-ATX','P120','ATX',2990,32),(299,'Antec','Antec Performance 1 Silent 靜音版 顯卡長40/CPU高17.5/雙降噪側板/E-ATX','E-ATX','ATX',4290,32),(300,'Antec','Antec Performance 1 FT 黑 顯卡長40/CPU高17.5/溫度顯示面板/雙玻璃透側/E-ATX','E-ATX','ATX',4490,32),(301,'Antec','Antec Performance 1 FT 白 顯卡長40/CPU高17.5/溫度顯示面板/雙玻璃透側/E-ATX','E-ATX','ATX',4690,32),(302,'Antec','Antec Torque 魅影 黑紅 顯卡長45/CPU高21.5/全鋁/玻璃透側/ATX【客訂.可指送】','10900','ATX',10900,32),(303,'Antec','Antec Torque 魅影 黑白 顯卡長45/CPU高21.5/全鋁/玻璃透側/ATX【客訂.可指送】','10900','ATX',10900,32),(304,'BitFenix','BitFenix 小巨蛋 黑 鐵網版 顯卡長33.9/CPU高19/玻璃透側/M-ATX','M-ATX','ATX',2690,38),(305,'BitFenix','BitFenix 小巨蛋 白 鐵網版 顯卡長33.9/CPU高19/玻璃透側/M-ATX','M-ATX','ATX',2690,38),(306,'BitFenix','BitFenix 小巨蛋 黑 幻彩版 顯卡長33.9/U高19/含ARGB風扇*3燈條*2/玻璃透側/M-ATX','M-ATX','ATX',3190,38),(307,'BitFenix','BitFenix 小巨蛋 白 幻彩版 顯卡長33.9/U高19/含ARGB風扇*3燈條*2/玻璃透側/M-ATX','M-ATX','ATX',3190,38),(308,'BitFenix','BitFenix 諾瓦星 M 黑 顯卡長34.5/CPU高16/前置Type-C/玻璃透側/M-ATX','M-ATX','ATX',1390,38),(309,'BitFenix','BitFenix 炫光戰神 白 幻彩版 顯卡長34/CPU高16/內建4幻彩風扇/玻璃透側/E-ATX','E-ATX','ATX',2290,38),(310,'BitFenix','BitFenix 風魅影 Flow EX 2024C 黑 顯卡長43.4/U高17/Type-C/玻璃透側/ATX','2024C','ATX',1490,38),(311,'BitFenix','BitFenix 風魅影 SEC 2022C 白 顯卡長31.5/CPU高16/4風扇/前置Type-C/玻璃透側/ATX','2022C','ATX',1490,38),(312,'BitFenix','BitFenix 風魅影 SE 黑 煥彩版 顯卡長31.5/CPU高16/玻璃透側/ATX','1690','ATX',1690,38),(313,'BitFenix','BitFenix 風魅影 SE 白 煥彩版 顯卡長31.5/CPU高16/玻璃透側/ATX','1690','ATX',1690,38),(314,'BitFenix','BitFenix CETO Basic 黑 顯卡長39/CPU高16.5/全景玻璃透側/ATX','CETO','ATX',1590,38),(315,'BitFenix','BitFenix CETO Basic 白 顯卡長39/CPU高16.5/全景玻璃透側/ATX','CETO','ATX',1690,38),(316,'BitFenix','BitFenix CETO ARGB 黑 顯卡長41/CPU高18.1/全景玻璃透側/支援背插/ATX','CETO','ATX',1990,38),(317,'BitFenix','BitFenix CETO ARGB 白 顯卡長41/CPU高18.1/全景玻璃透側/支援背插/ATX','CETO','ATX',2090,38),(320,'BitFenix','BitFenix Tracery 黑 顯卡長41/CPU高18/窗格紋面板/玻璃透側/E-ATX','E-ATX','ATX',2690,38),(321,'BitFenix','BitFenix Tracery 白 顯卡長41/CPU高18/窗格紋面板/玻璃透側/E-ATX','E-ATX','ATX',2790,38),(322,'BitFenix','BitFenix 黎明至尊 顯卡長38/CPU高16.5/鋼化玻璃+防爆膜/E-ATX','E-ATX','ATX',2890,38),(323,'BitFenix','BitFenix 黎明至尊/鋼化玻璃','E-ATX','ATX',3990,38),(324,'Apexgaming','Apexgaming MAZE SA300 白 顯卡長33/CPU高17/側掀玻璃/ATX','MAZE','ATX',1490,39),(327,'Apexgaming','Apexgaming Savitar 薩維塔 顯卡長40/U高15.7/玻璃透側/燻黑透明面板/ATX 原價$1890','1890','ATX',1890,39),(328,'Apexgaming','Apexgaming METEOR TE220 黑 顯卡長38.3/U高17.4/側掀玻璃/含顯卡支撐架/E-ATX','METEOR','ATX',2190,39),(329,'Apexgaming','Apexgaming METEOR TE220 白 顯卡長38.3/U高17.4/側掀玻璃/含顯卡支撐架/E-ATX','METEOR','ATX',2390,39),(330,'全漢','全漢 S110-B 顯卡長28.5/CPU高16/網狀面板/簡約設計/M-ATX','S110-B','ATX',790,42),(331,'全漢','全漢 S380-BA','S380-BA','ATX',1690,42),(332,'全漢','全漢 S380-WA','S380-WA','ATX',1790,42),(333,'全漢','全漢 M580-BA','M580-BA','ATX',2390,42),(334,'全漢','全漢 M580-WA','M580-WA','ATX',2490,42),(335,'全漢','全漢 CST130 Basic 黑 顯卡長30/CPU高16.5/壓克力透側/M-ATX','CST130','ATX',1090,42),(336,'全漢','全漢 CST130 Basic 白 顯卡長30/CPU高16.5/壓克力透側/M-ATX','CST130','ATX',1190,42),(337,'全漢','全漢 CST220S 靜音機殼 顯卡長26/CPU高16/M-ATX','CST220S','ATX',1390,42),(338,'全漢','全漢 CST350','CST350','ATX',1890,42),(339,'全漢','全漢 CST352 白 顯卡長35.5','CST352','ATX',2090,42),(340,'全漢','全漢 CST360 白 顯卡長37/CPU高16.5/玻璃透側/前置Type-C/M-ATX','CST360','ATX',1790,42),(341,'全漢','全漢 CMT195B 黑/顯卡長34/CPU高16/鑽切造型面板/壓克力透側/ATX','CMT195B','ATX',990,42),(342,'全漢','全漢 CMT195W 白/顯卡長34/CPU高16/鑽切造型面板/壓克力透側/ATX','CMT195W','ATX',1090,42),(343,'全漢','全漢 CMT223S 靜音機殼 顯卡長30/CPU高16/內建4風扇/ATX','CMT223S','ATX',1590,42),(344,'全漢','全漢 CMT371 顯卡長41.5/CPU高16.3/玻璃透側/前置Type-C/E-ATX','CMT371','ATX',2190,42),(345,'全漢','全漢 CMT580B 黑 顯卡長32.5/CPU高16/垂直風道/玻璃透側/E-ATX','CMT580B','ATX',2390,42),(346,'全漢','全漢 CMT580W 白 顯卡長32.5/CPU高16/垂直風道/玻璃透側/E-ATX','CMT580W','ATX',2590,42),(347,'全漢','全漢 CUT592 顯卡長40/CPU高17.5/14cm A.RGB風扇*4/側掀玻璃側板/E-ATX','CUT592','ATX',2690,42),(348,'全漢','全漢 CUT593 黑 顯卡長40/CPU高17.5/側掀玻璃側板/E-ATX','CUT593','ATX',2490,42),(349,'全漢','全漢 CUT593 白 顯卡長40/CPU高17.5/側掀玻璃側板/E-ATX','CUT593','ATX',2590,42),(350,'全漢','全漢 CUT593 Premium 黑 顯卡長40/U高17.5/雙玻璃側板/內建模組化線材/雙面板/ATX','CUT593','ATX',3790,42),(351,'全漢','全漢 CUT593 Premium 白 顯卡長40/U高17.5/雙玻璃側板/內建模組化線材/雙面板/ATX','CUT593','ATX',3890,42),(352,'全漢','全漢 CUT610 顯卡長39/CPU高18/壓克力透側/支援 9個PCI slot/E-ATX','CUT610','ATX',2990,42),(353,'全漢','全漢 U500-B 顯卡長42/CPU高18/雙顯卡支架/支援 9個PCI slot/E-ATX','U500-B','ATX',3990,42),(354,'Phanteks','Phanteks XT Pro Ultra 黑 卡41.5/U18.4/玻璃透側/支援背插','2200','ATX',2200,49),(355,'Phanteks','Phanteks XT Pro Ultra 白 卡41.5/U18.4/玻璃透側/支援背插','2390','ATX',2390,49),(356,'Phanteks','Phanteks XT Pro SILENT 卡41.5/U高18.4/吸音棉降噪/背插','SILENT','ATX',2390,49),(357,'Phanteks','Phanteks XT M3 黑 顯卡長42.5/U高17.5/玻璃透側/支援背插/M-ATX','M-ATX','ATX',1690,49),(358,'Phanteks','Phanteks XT M3 白 顯卡長42.5/U高17.5/玻璃透側/支援背插/M-ATX','M-ATX','ATX',1690,49),(359,'Phanteks','Phanteks XT View 黑 卡41.5/U高18.4/全景玻璃/支援背插','2590','ATX',2590,49),(360,'Phanteks','Phanteks XT View 白 卡41.5/U高18.4/全景玻璃/支援背插','2590','ATX',2590,49),(361,'Phanteks','Phanteks NV5 MKII 黑 顯卡長44/U高18/全景玻璃/支援背插','MKII','ATX',3490,49),(362,'Phanteks','Phanteks NV5 MKII 白 顯卡長44/U高18/全景玻璃/支援背插','MKII','ATX',3490,49),(363,'Phanteks','Phanteks NV5S 白 顯卡長43/CPU高17/全景玻璃透側/四風扇/ATX','NV5S','ATX',3690,49),(364,'Phanteks','Phanteks NV7 黑 顯卡長45/CPU高18.5/全景玻璃透側/E-ATX','E-ATX','ATX',6990,49),(365,'Phanteks','Phanteks NV7 白 顯卡長45/CPU高18.5/全景玻璃透側/E-ATX','E-ATX','ATX',6990,49),(366,'Phanteks','Phanteks NV9 MKII 白 顯卡長49/CPU高20.5/全景玻璃透側/支援背插','MKII','ATX',7890,49),(367,'Phanteks','Phanteks Evolv X2 黑 卡38/U高17/懸浮設計/全景玻璃/背插限ATX','4690','ATX',4690,49),(368,'Phanteks','Phanteks Evolv X2 白 卡38/U高17/懸浮設計/全景玻璃/背插限ATX','4990','ATX',4990,49),(369,'Phanteks','Phanteks Eclipse G360A 白 顯卡長40/U高16.2/玻璃透側/E-ATX','G360A','ATX',2790,49),(370,'Phanteks','Phanteks Eclipse G400A 白 卡41.5/U高18.4/玻璃透側/背插/E-ATX','G400A','ATX',3390,49),(371,'Fractal','Fractal Design Define 7 Compact 黑','DEF7C-01','ATX',3790,44),(372,'Fractal','Fractal Design Torrent Compact 黑/深色玻璃/顯卡長33/CPU高17.4/E-ATX','E-ATX','ATX',4790,44),(373,'Fractal','Fractal Design Torrent Compact RGB 黑/淺色玻璃/卡33/CPU高17.4/E-ATX','E-ATX','ATX',5790,44),(374,'Fractal','Fractal Design Torrent Compact 黑','E-ATX','ATX',4490,44),(375,'Fractal','Fractal Design North Charcoal 黑/網孔側板/卡35.5/U高17/胡桃木面板/ATX','NOR1C-01','ATX',5290,44),(376,'Fractal','Fractal Design North Charcoal 黑/淺色玻璃/卡35.5/U高17/胡桃木面板/ATX','NOR1C-02','ATX',5290,44),(377,'Fractal','Fractal Design North Chalk 白/網孔側板/顯卡35.5/CPU高17/橡木面板/ATX','NOR1C-03','ATX',5290,44),(378,'Fractal','Fractal Design North Chalk 白/透明玻璃/顯卡35.5/CPU高17/橡木面板/ATX','NOR1C-04','ATX',5290,44),(379,'Fractal','Fractal Design North XL Chalk 白/網孔側板/顯卡41.3/U高18.5/橡木/E-ATX','E-ATX','ATX',6290,44),(380,'Fractal','Fractal Design North XL Chalk 白/透明玻璃/顯卡41.3/U高18.5/橡木/E-ATX','E-ATX','ATX',6290,44),(381,'Fractal','Fractal Design North XL RC Charcoal 黑/深色玻璃/卡41.3/U16.9/限背插/ATX','NOR1X-05','ATX',6490,44),(382,'Fractal','Fractal Design North XL RC Chalk 白/透明玻璃/卡41.3/U16.9/限背插/ATX','NOR1X-06','ATX',6490,44),(383,'Fractal','Fractal Design Meshify 3 黑','E-ATX','ATX',5390,44),(384,'Fractal','Fractal Design Meshify 3 TG 黑/淺色玻璃/顯卡長34.9/CPU高17.6/E-ATX','E-ATX','ATX',5390,44),(385,'Fractal','Fractal Design Meshify 3 TG 白/透明玻璃/顯卡長34.95/CPU高17.6/E-ATX','E-ATX','ATX',5390,44),(386,'Fractal','Fractal Design Meshify 3 RGB 黑/淺色玻璃/顯卡長34.9/CPU高17.6/E-ATX','E-ATX','ATX',6190,44),(387,'Fractal','Fractal Design Meshify 3 RGB 白/透明玻璃/顯卡長34.95/CPU高17.6/E-ATX','E-ATX','ATX',6190,44),(388,'Fractal','Fractal Design Meshify 3','E-ATX','ATX',8490,44),(390,'Fractal','Fractal Design Meshify 3 XL 黑','E-ATX','ATX',6590,44),(391,'Fractal','Fractal Design Meshify 3 XL 黑/淺色玻璃/顯卡長51.2/CPU高18.2/E-ATX','E-ATX','ATX',6590,44),(392,'Fractal','Fractal Design Meshify 3 XL','E-ATX','ATX',9590,44),(394,'NZXT','NZXT H5 Flow','NZXT','ATX',3990,50),(395,'NZXT','NZXT H5 Flow','NZXT','ATX',990,50),(398,'NZXT','NZXT H5 Flow RGB','NZXT','ATX',4690,50),(400,'NZXT','NZXT H5 Elite 白 顯卡長36.5/CPU高16.5/玻璃透側/ATX','NZXT','ATX',4990,50),(401,'NZXT','NZXT H6 Flow 黑 顯卡長36.5/CPU高16.3/全景玻璃/傾斜前風扇/分艙/ATX','NZXT','ATX',4990,50),(402,'NZXT','NZXT H6 Flow 白 顯卡長36.5/CPU高16.3/全景玻璃/傾斜前風扇/分艙/ATX','NZXT','ATX',4990,50),(403,'NZXT','NZXT H6 Flow RGB 黑 顯卡長36.5/U高16.3/全景玻璃/傾斜前風扇/分艙/ATX','NZXT','ATX',5990,50),(404,'NZXT','NZXT H7 Flow','NZXT','ATX',4990,50),(406,'NZXT','NZXT H7 Flow RGB','NZXT','ATX',5990,50),(408,'NZXT','NZXT H9 Flow 黑 顯卡長43.5/CPU高16.5/玻璃透側/分艙設計/ATX','NZXT','ATX',6490,50),(409,'NZXT','NZXT H9 Flow 白 顯卡長43.5/CPU高16.5/玻璃透側/分艙設計/ATX','NZXT','ATX',6490,50),(410,'NZXT','NZXT H9 Elite 黑 顯卡長43.5/CPU高16.5/玻璃透側/分艙設計/ATX','NZXT','ATX',8990,50),(411,'NZXT','NZXT H9 Elite 白 顯卡長43.5/CPU高16.5/玻璃透側/分艙設計/ATX','NZXT','ATX',8990,50),(412,'喬思伯','喬思伯 C6 黑 顯卡長','M-ATX','ATX',1190,33),(413,'喬思伯','喬思伯 C6 白 顯卡長','M-ATX','ATX',1190,33),(414,'喬思伯','喬思伯 D31 Mesh 黑 顯卡長','M-ATX','ATX',1990,33),(415,'喬思伯','喬思伯 D31 Mesh 白 顯卡長','M-ATX','ATX',1990,33),(416,'喬思伯','喬思伯 D31 Mesh SC螢幕版 黑 卡33/U高16.8/8吋LCD/玻璃側板/M-ATX','M-ATX','ATX',3290,33),(417,'喬思伯','喬思伯 D31 Mesh SC螢幕版 白 卡33/U高16.8/8吋LCD/玻璃側板/M-ATX','M-ATX','ATX',3290,33),(418,'喬思伯','喬思伯 D32 Pro 黑 顯卡長36.5/CPU高','M-ATX','ATX',2190,33),(419,'喬思伯','喬思伯 D32 Pro 白 顯卡長36.5/CPU高','M-ATX','ATX',2190,33),(420,'喬思伯','喬思伯 D41 Mesh 黑 顯卡長','1990','ATX',1990,33),(421,'喬思伯','喬思伯 D41 Mesh 白 顯卡長','1990','ATX',1990,33),(422,'喬思伯','喬思伯 D41 Mesh SC螢幕版 黑 卡33/U16.8/8吋LCD/玻璃側板/ATX','3290','ATX',3290,33),(423,'喬思伯','喬思伯 D41 Mesh SC螢幕版 白 卡33/U16.8/8吋LCD/玻璃側板/ATX','3290','ATX',3290,33),(424,'喬思伯','喬思伯 Z20 黑 顯卡長36.3/CPU高16.3/玻璃側板/M-ATX【建議SFX】','M-ATX','ATX',2390,33),(425,'喬思伯','喬思伯 Z20 白 顯卡長36.3/CPU高16.3/玻璃側板/M-ATX【建議SFX】','M-ATX','ATX',2390,33),(426,'喬思伯','喬思伯 Z20 拼色版','M-ATX','ATX',2690,33),(428,'喬思伯','喬思伯 D300 黑 顯卡長43/U高18/全景環形玻璃/支援背插/M-ATX','D300','ATX',2690,33),(429,'喬思伯','喬思伯 D300 白 顯卡長43/U高18/全景環形玻璃/支援背插/M-ATX','D300','ATX',2690,33),(430,'喬思伯','喬思伯 TK-1 黑 顯卡長28/CPU高16.5/雙折彎環形玻璃/支援背插/M-ATX','TK-1','ATX',3690,33),(431,'喬思伯','喬思伯 TK-1 白 顯卡長28/CPU高16.5/雙折彎環形玻璃/支援背插/M-ATX','TK-1','ATX',3690,33),(432,'喬思伯','喬思伯 TK-2 V2 黑 顯卡長40.5/CPU高16.5/雙折彎環形玻璃/支援背插/ATX','TK-2','ATX',3990,33),(433,'喬思伯','喬思伯 TK-2 V2 白 顯卡長40.5/CPU高16.5/雙折彎環形玻璃/支援背插/ATX','TK-2','ATX',3990,33),(434,'喬思伯','喬思伯 TK-3','TK-3','ATX',2990,33),(436,'酷碼','酷碼 Qube 500 Flatpack DIY版 黑 顯卡長36/CPU高17.2/玻璃透側/ATX','2690','ATX',2690,34),(437,'酷碼','酷碼 Qube 500 Flatpack DIY版 白 顯卡長36/CPU高17.2/玻璃透側/ATX','2690','ATX',2690,34),(438,'酷碼','酷碼 Qube 500 Flatpack DIY 馬卡龍版 卡長36/U高17.2/玻璃透側/ATX','3190','ATX',3190,34),(439,'酷碼','酷碼 RC-343 顯卡長25','RC-343','ATX',990,34),(440,'酷碼','酷碼 N200 顯卡長35.5/CPU高16/M-ATX','N200','ATX',1390,34),(441,'酷碼','酷碼 N300 升級版 顯卡長32/CPU高16.4/NSE-300-KKN3/ATX','N300','ATX',1290,34),(442,'酷碼','酷碼 N400 顯卡長32/CPU高16.4/全沖孔網面板/ATX','N400','ATX',1490,34),(443,'酷碼','酷碼 殺手 102 顯卡長34/CPU高15.6/SSD*2/ATX','RC-102C-KKN4','ATX',790,34),(444,'酷碼','酷碼 殺手 103 顯卡長34.4/CPU高15.6/SSD*2/ATX','RC-103-KKN1','ATX',790,34),(445,'酷碼','酷碼 ELITE 300 顯卡長36.5/CPU高16.5/M-ATX','ELITE','ATX',1290,34),(446,'酷碼','酷碼 ELITE 301 LITE 顯卡長36.5/CPU高16.3/玻璃透側/M-ATX','ELITE','ATX',1190,34),(447,'酷碼','酷碼 ELITE 500 玻璃透側版 顯卡長35/CPU高16.1/ATX','ELITE','ATX',1390,34),(448,'酷碼','酷碼 ELITE 500 ODD 顯卡長40/CPU高16.3/ATX','ELITE','ATX',1390,34),(449,'酷碼','酷碼 Q300L V2','Q300L','ATX',1790,34),(451,'酷碼','酷碼 HAF 500 黑色 顯卡長41/CPU高16.7/玻璃透側/顯卡專用風扇/E-ATX','E-ATX','ATX',3290,34),(452,'酷碼','酷碼 HAF 500 白色 顯卡長41/CPU高16.7/玻璃透側/顯卡專用風扇/E-ATX','E-ATX','ATX',3290,34),(453,'酷碼','酷碼 HAF 700 黑 顯卡長49/CPU高16.6/可拆式上蓋/玻璃透側/E-ATX','E-ATX','ATX',6990,34),(454,'酷碼','酷碼 HAF 700 白 顯卡長49/CPU高16.6/可拆式上蓋/玻璃透側/E-ATX','E-ATX','ATX',6990,34),(455,'酷碼','酷碼 HAF 700 EVO 黑 顯卡長49/CPU高16.6/玻璃透側/Iris面板顯示/E-ATX','E-ATX','ATX',9990,34),(456,'酷碼','酷碼 HAF 700 EVO 白 顯卡長49/CPU高16.6/玻璃透側/Iris面板顯示/E-ATX','E-ATX','ATX',9990,34),(457,'酷碼','酷碼 Silencio S400 黑 玻璃透側版 顯卡長31.9/CPU高16.6/M-ATX','S400','ATX',2490,34),(458,'酷碼','酷碼 Silencio S400 黑 靜音版 顯卡長31.9/CPU高16.7/M-ATX','S400','ATX',2290,34),(459,'酷碼','酷碼 Silencio S600 玻璃透側版 顯卡長39.8/CPU高16.7/ATX','S600','ATX',2990,34),(460,'酷碼','酷碼 Silencio S600 靜音版 顯卡長39.8/CPU高16.7/ATX','S600','ATX',2790,34),(461,'酷碼','酷碼 MasterBox 520 Mesh 白 顯卡長41/CPU高16.5/玻璃透側/可拆式上蓋/ATX','1990','ATX',1990,34),(462,'酷碼','酷碼 MasterBox 600 黑 顯卡長41/CPU高17/玻璃透側/支援背插/ATX','2290','ATX',2290,34),(463,'酷碼','酷碼 MasterBox 600 白 顯卡長41/CPU高17/玻璃透側/支援背插/ATX','2290','ATX',2290,34),(464,'酷碼','酷碼 MasterBox MB400L with ODD 顯卡長34/CPU高16.7/髮絲紋面板/M-ATX','MB400L','ATX',1290,34),(465,'酷碼','酷碼 MasterBox MB400L without ODD 顯卡長34/CPU高16.7/髮絲紋面板/M-ATX','MB400L','ATX',1190,34),(466,'酷碼','酷碼 MasterBox MB600L V2 光碟機版 顯卡長40/CPU高16.1/玻璃透側/髮絲紋面板/ATX','MB600L','ATX',1490,34),(467,'酷碼','酷碼 MasterBox MB600L V2 無光碟機版 顯卡長35/U高16.1/玻璃透側/髮絲紋面板/ATX','MB600L','ATX',1390,34),(468,'酷碼','酷碼 MasterBox TD300 Mesh 白 顯卡長34.4/U高16.6/玻璃透側/菱形網孔面板/M-ATX','TD300','ATX',1490,34),(469,'酷碼','酷碼 MasterBox TD500 Mesh V2','TD500','ATX',2690,34),(471,'酷碼','酷碼 MasterBox TD500 MAX 卡長38/U高16.5/含Atmos 360水冷/850W金牌3.0電源/ATX','TD500','ATX',9990,34),(472,'酷碼','酷碼 MasterBox Q500L 顯卡長36/CPU高16/壓克力透側/ATX','Q500L','ATX',1690,34),(473,'酷碼','酷碼 MasterCase MC500 顯卡長41/CPU高19/玻璃透側/沖孔面板/E-ATX','MC500','ATX',2990,34),(474,'酷碼','酷碼 MasterFrame 600 黑 顯卡長48.5/CPU高19/玻璃透側/無光風扇/支援背插/ATX','6990','ATX',6990,34),(475,'酷碼','酷碼 MasterFrame 600 銀 顯卡長48.5/CPU高19/玻璃透側/ARGB風扇/支援背插/ATX','6990','ATX',6990,34),(476,'酷碼','酷碼 COSMOS C700M 黑 顯卡長49/U高19.8/PCIe 4.0延長線/玻璃透側/E-ATX【客訂】','COSMOS','ATX',14500,34),(477,'聯力','聯力 A3-mATX 黑 /顯卡長41.5/CPU高16.5/3面網孔/含顯卡支架/M-ATX','M-ATX','MATX',1999,41),(478,'聯力','聯力 A3-mATX 白 /顯卡長41.5/CPU高16.5/3面網孔/含顯卡支架/M-ATX','M-ATX','MATX',1999,41),(479,'聯力','聯力 A3-mATX 實木黑 /顯卡長41.5/CPU高16.5/3面網孔/含顯卡支架/M-ATX','M-ATX','MATX',2499,41),(480,'聯力','聯力 A3-mATX 實木白 /顯卡長41.5/CPU高16.5/3面網孔/含顯卡支架/M-ATX','M-ATX','MATX',2499,41),(481,'聯力','聯力 SUP01 白 /顯卡長40/U高8.8/直筒型前置顯卡/含PCIe 4.0線/支援背插','SUP01','ATX',4399,41),(482,'聯力','聯力 LANCOOL 216 RGB 黑 顯卡長39.2/CPU高18/含磁吸前濾網/玻璃透側/E-ATX','LANCOOL','ATX',2700,41),(483,'聯力','聯力 LANCOOL 216 RGB 白 顯卡長39.2/CPU高18/含磁吸前濾網/玻璃透側/E-ATX','LANCOOL','ATX',2900,41),(484,'聯力','聯力 LANCOOL 217 黑 顯卡長38/CPU高18/玻璃透側/木質裝飾/支援背插/E-ATX','LANCOOL','ATX',3490,41),(485,'聯力','聯力 LANCOOL 217 白 顯卡長38/CPU高18/玻璃透側/木質裝飾/支援背插/E-ATX','LANCOOL','ATX',3690,41),(486,'聯力','聯力 LANCOOL II MESH RGB 純白版 卡長38.4/U高17.6/含Type-C/雙玻璃透側/E-ATX','LANCOOL','ATX',3199,41),(487,'聯力','聯力 LANCOOL III RGB 黑 顯卡長43.5/CPU高18.7/雙玻璃透側/E-ATX','LANCOOL','ATX',4700,41),(488,'聯力','聯力 LANCOOL III RGB 白 顯卡長43.5/CPU高18.7/雙玻璃透側/E-ATX','LANCOOL','ATX',5000,41),(489,'聯力','聯力 PC-O11 Vision Compact 黑 卡40.8/U高16.4/雙頂蓋模式/全景玻璃/支援背插','PC-O11','ATX',3599,41),(490,'聯力','聯力 PC-O11 Vision Compact 白 卡40.8/U高16.4/雙頂蓋模式/全景玻璃/支援背插','PC-O11','ATX',3599,41),(491,'聯力','聯力 PC-O11 Vision 鏡面版 顯卡長45.5/CPU高16.7/三面無框玻璃/E-ATX','PC-O11','ATX',4299,41),(492,'聯力','聯力 O11 Dynamic EVO RGB 黑 顯卡長45.5/U高16.7/頂底部L型燈條/全景玻璃/E-ATX','E-ATX','ATX',4800,41),(493,'聯力','聯力 O11 Dynamic EVO RGB 白 顯卡長45.5/U高16.7/頂底部L型燈條/全景玻璃/E-ATX','E-ATX','ATX',5100,41),(494,'聯力','聯力 O11 Dynamic EVO XL 黑 顯卡長46/CPU高16.7/雙向翻轉設計/玻璃透側/E-ATX','E-ATX','ATX',7200,41),(495,'聯力','聯力 O11 Dynamic EVO XL 白 顯卡長46/CPU高16.7/雙向翻轉設計/玻璃透側/E-ATX','E-ATX','ATX',7500,41),(498,'XPG','XPG INVADER X 黑 卡40/U高17.5/全景玻璃/背插','INVADER','ATX',4590,37),(499,'銀欣','銀欣 PS15 黑 玻璃透側版 顯卡長31.4/CPU高15.4/M-ATX','PS15','ATX',1590,36),(500,'銀欣','銀欣 PS16 黑 顯卡長32/CPU高16.5/HDD*3/SSD*3/M-ATX','PS16','ATX',1090,36),(501,'銀欣','銀欣 ALTA G1M 黑 顯卡長35.5/CPU高15.9/垂直風流/M-ATX','ALTA','ATX',2990,36),(502,'銀欣','銀欣 ALTA G1M 白 顯卡長35.5/CPU高15.9/垂直風流/M-ATX','ALTA','ATX',3090,36),(503,'銀欣','銀欣 ML03 黑 短板顯卡/CPU高7/薄型橫式機殼/M-ATX','ML03','ATX',1990,36),(504,'銀欣','銀欣 ML04 黑 短板顯卡/CPU高7/薄型橫式機殼/M-ATX','ML04','ATX',2490,36),(505,'銀欣','銀欣 Lucid 04 黑 顯卡長35/CPU高17.7/全景玻璃透側/M-ATX','M-ATX','ATX',1690,36),(506,'銀欣','銀欣 Lucid 04 白 顯卡長35/CPU高17.7/全景玻璃透側/M-ATX','M-ATX','ATX',1790,36),(507,'銀欣','銀欣 FARA V1M PRO 顯卡長35.2/CPU高16.3/玻璃透側/ARGB燈條面板/M-ATX','FARA','ATX',1390,36),(508,'銀欣','銀欣 FARA 511Z 顯卡長36/CPU高16.2/玻璃透側/ATX','FARA','ATX',1990,36),(509,'銀欣','銀欣 FARA 512Z 顯卡長36/CPU高16.2/玻璃透側/ATX','FARA','ATX',1990,36),(510,'銀欣','銀欣 FARA 514X 黑 顯卡長37.8/CPU高16.8/精密沖孔網面板/玻璃透側/ATX 原價$2590','FARA','ATX',2590,36),(511,'銀欣','銀欣 FARA 514X 白 顯卡長37.8/CPU高16.8/精密沖孔網面板/玻璃透側/ATX 原價$2690','FARA','ATX',2690,36),(512,'銀欣','銀欣 FARA R1 PRO V2 黑 顯卡長34/CPU高16.1/玻璃透側/ATX','FARA','ATX',2490,36),(513,'銀欣','銀欣 FARA R1 PRO V2 白 顯卡長34/CPU高16.1/玻璃透側/ATX','FARA','ATX',2490,36),(514,'銀欣','銀欣 FLP01 HTPC 復古機殼 顯卡長30.9/CPU高8.8~13.8/ATX【客訂】','FLP01','ATX',2790,36),(515,'銀欣','銀欣 SETA H1 顯卡長39.4/CPU高18.2/玻璃透側E-ATX','SETA','ATX',3090,36),(516,'銀欣','銀欣 SETA Q1 靜音機殼 顯卡長39.4/CPU高18.2/迷宮式降噪面板/E-ATX','SETA','ATX',4300,36),(517,'銀欣','銀欣 CS380 顯卡長24.1/CPU高14.6/3.5吋硬碟*8熱插拔/帶鎖門板設計/ATX【客訂】','CS380','ATX',5200,36),(520,'銀欣','銀欣 SG13 鐵網版 顯卡長27/CPU高6/SSD*3/網孔面板/ITX','SG13','ITX',1230,36),(521,'銀欣','銀欣 SG13 仿金屬紋版 顯卡長27/CPU高6/拉絲面板/ITX','SG13','ITX',1290,36),(523,'銀欣','銀欣 SUGO 16 黑 顯卡長27.5/CPU高8.5','SUGO','ITX',1790,36),(524,'銀欣','銀欣 SUGO 16 白 顯卡長27.5/CPU高8.5','SUGO','ITX',1790,36),(526,'曜越','曜越 View 270 TG ARGB V2 黑 顯卡長42/CPU高18/三風扇/全景玻璃透側/ATX','ARGB','ATX',1690,40),(527,'曜越','曜越 View 270 TG ARGB V2 白 顯卡長42/CPU高18/三風扇/全景玻璃透側/ATX','ARGB','ATX',1690,40),(528,'曜越','曜越 View 270 TG ARGB V2 繡球花藍 顯卡長42/CPU高18/三風扇/全景玻璃透側/ATX','ARGB','ATX',1790,40),(529,'曜越','曜越 The Tower 250 黑 顯卡長36/CPU高21/全景玻璃/八角柱造型/ITX','3690','ITX',3690,40),(530,'曜越','曜越 The Tower 250 白 顯卡長36/CPU高21/全景玻璃/八角柱造型/ITX','3690','ITX',3690,40),(531,'曜越','曜越 The Tower 250 抹茶綠 顯卡長36/CPU高21/全景玻璃/八角柱造型/ITX','3690','ITX',3690,40),(532,'曜越','曜越 The Tower 250 繡球花藍 顯卡長36/CPU高21/全景玻璃/八角柱造型/ITX','3690','ITX',3690,40),(533,'曜越','曜越 The Tower 300 黑 顯卡長40/CPU高21/全景玻璃/八角柱造型/支援背插/M-ATX','M-ATX','ATX',3990,40),(534,'曜越','曜越 The Tower 300 白 顯卡長40/CPU高21/全景玻璃/八角柱造型/支援背插/M-ATX','M-ATX','ATX',3990,40),(535,'曜越','曜越 The Tower 300 抹茶綠 顯卡長40/CPU高21/全景玻璃/八角柱造型/支援背插/M-ATX','M-ATX','ATX',4290,40),(536,'曜越','曜越 The Tower 300 繡球花藍 顯卡長40/U高21/全景玻璃/八角柱造型/支援背插/M-ATX','M-ATX','ATX',4290,40),(537,'曜越','曜越 The Tower 300 泡泡粉 顯卡長40/CPU高21/全景玻璃/八角柱造型/支援背插/M-ATX','M-ATX','ATX',4290,40),(538,'曜越','曜越 The Tower 600 黑 顯卡長28','4890','ATX',4890,40),(539,'曜越','曜越 The Tower 600 白 顯卡長28','4890','ATX',4890,40),(540,'曜越','曜越 The Tower 600 抹茶綠 顯卡長28','4890','ATX',4890,40),(541,'曜越','曜越 The Tower 600 繡球花藍 顯卡長28','4890','ATX',4890,40),(542,'DEEPCOOL','DEEPCOOL CH260 黑 顯卡長38.8/CPU高17.4/玻璃透側/支援背插/M-ATX','DEEPCOOL','ATX',1890,31),(543,'DEEPCOOL','DEEPCOOL CH260 白 顯卡長38.8/CPU高17.4/玻璃透側/支援背插/M-ATX','DEEPCOOL','ATX',1990,31),(544,'DEEPCOOL','DEEPCOOL CG530 4F 黑 顯卡長41/CPU高16/全景玻璃透側/支援背插/分艙設計/ATX','DEEPCOOL','ATX',1990,31),(545,'DEEPCOOL','DEEPCOOL CG530 4F 白 顯卡長41/CPU高16/全景玻璃透側/支援背插/分艙設計/ATX','DEEPCOOL','ATX',2090,31),(546,'DEEPCOOL','DEEPCOOL CH560 DIGITAL 顯卡長38/CPU高17.5/溫度顯示/玻璃透側/E-ATX','DEEPCOOL','ATX',3490,31),(547,'DEEPCOOL','DEEPCOOL CH560 DIGITAL WH 顯卡長38/CPU高17.5/溫度顯示/玻璃透側/E-ATX','DEEPCOOL','ATX',3690,31),(548,'DEEPCOOL','DEEPCOOL MORPHEUS','DEEPCOOL','ATX',6590,31),(549,'DEEPCOOL','DEEPCOOL MORPHEUS WH','DEEPCOOL','ATX',6990,31),(550,'保銳','保銳 ENERPAZO 黑 顯卡長36.5/CPU高16.2/側掀玻璃側板/ATX','ENERPAZO','ATX',1090,51),(551,'保銳','保銳 ENERPAZO 白 顯卡長36.5/CPU高16.2/側掀玻璃側板/ATX','ENERPAZO','ATX',1090,51),(552,'保銳','保銳 冰曜石 MS20 黑 顯卡長36.8/CPU高16.4/玻璃透側/M-ATX','MS20','ATX',1190,51),(553,'保銳','保銳 冰曜石 MS20 白 顯卡長36.8/CPU高16.4/玻璃透側/M-ATX','MS20','ATX',1290,51),(554,'保銳','保銳 冰曜石 MS30 黑 顯卡長35.7/CPU高17.5/玻璃透側/ATX','MS30','ATX',1290,51),(555,'保銳','保銳 冰曜石 MS30 白 顯卡長35.7/CPU高17.5/玻璃透側/ATX','MS30','ATX',1290,51),(556,'迎廣','迎廣 PRISM 顯卡長43.5/CPU高17.5/鏡面玻璃透側/支援背插/ATX','PRISM','ATX',3490,52),(557,'迎廣','迎廣 A3 黑 顯卡長34/CPU高16.2/玻璃透側/垂直風道/M-ATX','M-ATX','ATX',2690,52),(558,'迎廣','迎廣 A3 白 顯卡長34/CPU高16.2/玻璃透側/垂直風道/M-ATX','M-ATX','ATX',2690,52),(559,'迎廣','迎廣 A5 黑 顯卡長34/CPU高16.2/玻璃透側/垂直風道/E-ATX','E-ATX','ATX',2890,52),(560,'迎廣','迎廣 A5 白 顯卡長34/CPU高16.2/玻璃透側/垂直風道/E-ATX','E-ATX','ATX',2890,52),(561,'迎廣','迎廣 F3 黑 顯卡長34/CPU高16/玻璃透側/支援背插/M-ATX','M-ATX','ATX',2890,52),(562,'迎廣','迎廣 F3 白 顯卡長34/CPU高16/玻璃透側/支援背插/M-ATX','M-ATX','ATX',3190,52),(563,'迎廣','迎廣 F5 黑 顯卡長43.5/CPU高18/玻璃透側/支援背插','E-ATX','ATX',3990,52),(564,'迎廣','迎廣 F5 白 顯卡長43.5/CPU高18/玻璃透側/支援背插','E-ATX','ATX',4290,52),(565,'迎廣','迎廣 DUBILI 鈦灰 顯卡長43/CPU高16/鋁合金/玻璃透側/E-ATX【客訂】','DUBILI','ATX',6790,52),(566,'迎廣','迎廣 DUBILI 奶油香檳 顯卡長43/CPU高16/鋁合金/玻璃透側/E-ATX【客訂】','DUBILI','ATX',6790,52),(567,'海盜船','海盜船 3500X ARGB 黑 顯卡長41/CPU高17/全景玻璃透側/支援背插/E-ATX','3500X','ATX',3190,53),(568,'海盜船','海盜船 3500X ARGB 白 顯卡長41/CPU高17/全景玻璃透側/支援背插/E-ATX','3500X','ATX',3190,53);
/*!40000 ALTER TABLE `case_table` ENABLE KEYS */;
UNLOCK TABLES;

--
-- Table structure for table `cooler_table`
--

DROP TABLE IF EXISTS `cooler_table`;
/*!40101 SET @saved_cs_client     = @@character_set_client */;
/*!50503 SET character_set_client = utf8mb4 */;
CREATE TABLE `cooler_table` (
  `id` int unsigned NOT NULL AUTO_INCREMENT,
  `brand` varchar(255) NOT NULL,
  `name` varchar(100) NOT NULL,
  `cooler_type` tinyint DEFAULT NULL,
  `socket_type_w` tinyint(1) DEFAULT NULL,
  `socket_type_x` tinyint(1) DEFAULT NULL,
  `socket_type_h` tinyint(1) DEFAULT NULL,
  `socket_type_y` tinyint(1) DEFAULT NULL,
  `socket_type_z` tinyint(1) DEFAULT NULL,
  `height` int unsigned DEFAULT NULL,
  `price` int unsigned DEFAULT NULL,
  `brand_id` int DEFAULT NULL,
  PRIMARY KEY (`id`),
  KEY `fk_cooler_brand` (`brand_id`),
  CONSTRAINT `fk_cooler_brand` FOREIGN KEY (`brand_id`) REFERENCES `brand_table` (`id`)
) ENGINE=InnoDB AUTO_INCREMENT=153 DEFAULT CHARSET=utf8mb4 COLLATE=utf8mb4_0900_ai_ci;
/*!40101 SET character_set_client = @saved_cs_client */;

--
-- Dumping data for table `cooler_table`
--

LOCK TABLES `cooler_table` WRITE;
/*!40000 ALTER TABLE `cooler_table` DISABLE KEYS */;
INSERT INTO `cooler_table` VALUES (1,'華碩','華碩 Prime LC 240 ARGB 水冷 /可替換無限鏡上蓋/一體式風扇/厚:5.2cm/6年【WXHZ】',1,1,1,1,0,1,52,2490,7),(2,'華碩','華碩 Prime LC 360 ARGB 水冷 /可替換無限鏡上蓋/一體式風扇/厚:5.2cm/6年【WXHZ】',1,1,1,1,0,1,52,2990,7),(3,'華碩','華碩 Prime LC 360 ARGB 水冷',1,1,1,1,0,1,52,3090,7),(4,'華碩','華碩 Prime LC 360 ARGB LCD 水冷 /數位監控螢幕/一體式風扇/厚:5.2cm/6年【WXHZ】',1,1,1,1,0,1,52,3990,7),(5,'華碩','華碩 TUF GAMING LC II 240 ARGB /厚:5.2cm/外置靜音減震幫浦/6年【WXHZ】',1,1,1,1,0,1,52,3290,7),(6,'華碩','華碩 TUF GAMING LC II 360 ARGB /厚:5.2cm/外置靜音減震幫浦/6年【WXHZ】',1,1,1,1,0,1,52,3990,7),(33,'Montech','Montech HyperFlow ARGB 240',1,1,1,1,0,1,28,2490,29),(34,'Montech','Montech HyperFlow ARGB 240',1,1,1,1,0,1,28,2490,29),(35,'Montech','Montech HyperFlow ARGB 360',1,1,1,1,0,1,28,2990,29),(36,'Montech','Montech HyperFlow ARGB 360',1,1,1,1,0,1,28,2990,29),(55,'ID-COOLING','ID-COOLING SL240 黑 水冷散熱器/2.1吋LCD/厚:5.4cm/5年【WXHZ】',1,1,1,1,0,1,54,3290,30),(56,'ID-COOLING','ID-COOLING SL240 白 水冷散熱器/2.1吋LCD/厚:5.4cm/5年【WXHZ】',1,1,1,1,0,1,54,3290,30),(57,'ID-COOLING','ID-COOLING SL360 XE 黑 水冷散熱器/2.1吋LCD/厚:5.2cm/5年【WXHZ】',1,1,1,1,0,1,52,3990,30),(58,'ID-COOLING','ID-COOLING SL360 XE 白 水冷散熱器/2.1吋LCD/厚:5.2cm/5年【WXHZ】',1,1,1,1,0,1,52,3990,30),(68,'DEEPCOOL','DEEPCOOL LS520 SE 240水冷/鋁殼冷頭+A.RGB風扇/厚:5.2cm/5年【WXHZ】',1,1,1,1,0,1,52,1990,31),(69,'DEEPCOOL','DEEPCOOL LS520 SE WH',1,1,1,1,0,1,52,2090,31),(70,'DEEPCOOL','DEEPCOOL LS720 SE 360水冷 /鋁殼冷頭+A.RGB風扇/厚:5.2cm/5年【WXHZ】',1,1,1,1,0,1,52,2490,31),(71,'DEEPCOOL','DEEPCOOL LS720 SE WH',1,1,1,1,0,1,52,2490,31),(72,'DEEPCOOL','DEEPCOOL LT520 240水冷/幾何鏡射磁吸外殼/四代水泵/厚:5.2cm/5年【WXHZ】',1,1,1,1,0,1,52,2590,31),(73,'DEEPCOOL','DEEPCOOL LT520 WH',1,1,1,1,0,1,52,2590,31),(75,'DEEPCOOL','DEEPCOOL LT360 ARGB 水冷/幾何鏡射外殼/五代水泵/厚:5.2cm/5年【WXHZ】',1,1,1,1,0,1,52,3690,31),(77,'DEEPCOOL','DEEPCOOL LP240 水冷散熱器/光環點陣螢幕/五代水泵/厚:5.2cm/5年【WXHZ】',1,1,1,1,0,1,52,3490,31),(78,'DEEPCOOL','DEEPCOOL LP360 水冷散熱器/光環點陣螢幕/五代水泵/厚:5.2cm/5年【WXHZ】',1,1,1,1,0,1,52,3990,31),(79,'DEEPCOOL','DEEPCOOL LQ240 水冷散熱器/磁吸數位顯示/五代水泵/厚:5.2cm/5年【WXHZ】',1,1,1,1,0,1,52,3890,31),(80,'DEEPCOOL','DEEPCOOL LQ360 水冷散熱器/磁吸數位顯示/五代水泵/厚:5.2cm/5年【WXHZ】',1,1,1,1,0,1,52,4390,31),(101,'Antec','Antec Symphony 240 ARGB 水冷/琴鍵感鏡面冷頭/厚:5.2cm/3年【WXZ】',1,1,1,0,0,1,52,2690,32),(102,'Antec','Antec Vortex 240 ARGB 水冷/懸浮螺旋意象冷頭/厚:5.2cm/3年【WXHZ】',1,1,1,1,0,1,52,3090,32),(103,'Antec','Antec Vortex 360 黑 ARGB 水冷/懸浮螺旋意象冷頭/厚:5.2cm/3年【WXHYZ】',1,1,1,1,1,1,52,3490,32),(104,'Antec','Antec Vortex 360 白 ARGB 水冷/懸浮螺旋意象冷頭/厚:5.2cm/3年【WXHYZ】',1,1,1,1,1,1,52,3490,32),(148,'喬思伯','喬思伯 TG-240 白色版 /A.RGB/隱藏式理線/可旋轉LOGO/厚:5.2cm/3年【WXHZ】',1,1,1,1,0,1,52,1990,33),(149,'喬思伯','喬思伯 TH-240 黑色版 /A.RGB/溫度監控/一體式無限鏡風扇/厚:5.5cm/5年【WXHZ】',1,1,1,1,0,1,55,2190,33),(150,'喬思伯','喬思伯 TH-240 白色版 /A.RGB/溫度監控/一體式無限鏡風扇/厚:5.5cm/5年【WXHZ】',1,1,1,1,0,1,55,2190,33),(151,'喬思伯','喬思伯 TH-360 黑色版 /A.RGB/溫度監控/一體式無限鏡風扇/厚:5.5cm/5年【WXHZ】',1,1,1,1,0,1,55,2990,33),(152,'喬思伯','喬思伯 TH-360 白色版 /A.RGB/溫度監控/一體式無限鏡風扇/厚:5.5cm/5年【WXHZ】',1,1,1,1,0,1,55,2990,33);
/*!40000 ALTER TABLE `cooler_table` ENABLE KEYS */;
UNLOCK TABLES;

--
-- Table structure for table `cpu_table`
--

DROP TABLE IF EXISTS `cpu_table`;
/*!40101 SET @saved_cs_client     = @@character_set_client */;
/*!50503 SET character_set_client = utf8mb4 */;
CREATE TABLE `cpu_table` (
  `id` int NOT NULL AUTO_INCREMENT,
  `name` varchar(255) NOT NULL,
  `cores` int NOT NULL,
  `brand` varchar(50) DEFAULT NULL,
  `socket_type` varchar(50) DEFAULT NULL,
  `score` varchar(255) DEFAULT NULL,
  `price` int unsigned DEFAULT NULL,
  `brand_id` int DEFAULT NULL,
  PRIMARY KEY (`id`),
  KEY `fk_cpu_brand` (`brand_id`),
  CONSTRAINT `fk_cpu_brand` FOREIGN KEY (`brand_id`) REFERENCES `brand_table` (`id`)
) ENGINE=InnoDB AUTO_INCREMENT=56 DEFAULT CHARSET=utf8mb4 COLLATE=utf8mb4_0900_ai_ci;
/*!40101 SET character_set_client = @saved_cs_client */;

--
-- Dumping data for table `cpu_table`
--

LOCK TABLES `cpu_table` WRITE;
/*!40000 ALTER TABLE `cpu_table` DISABLE KEYS */;
INSERT INTO `cpu_table` VALUES (1,'Intel Core Ultra 5 225F',10,'Intel','1851','31023',7650,1),(2,'Intel Core Ultra 5 225',10,'Intel','1851','30727',8400,1),(3,'Intel Core Ultra 5 235',14,'Intel','1851','40533',9200,1),(4,'Intel Core Ultra 5 245KF',14,'Intel','1851','43604',9300,1),(5,'Intel Core Ultra 5 245K',14,'Intel','1851','43601',9600,1),(6,'Intel Core Ultra 7 265KF',20,'Intel','1851','58894',9400,1),(7,'Intel Core Ultra 7 265K',20,'Intel','1851','58812',9950,1),(8,'Intel Core Ultra 9 285K',24,'Intel','1851','67800',19500,1),(9,'Intel Processor 300',2,'Intel','1700','7277',2680,1),(10,'Intel i3-14100F',4,'Intel','1700','15370',2880,1),(11,'Intel i3-14100',4,'Intel','1700','15287',3480,1),(12,'Intel i5-14400F',10,'Intel','1700','25746',4580,1),(13,'Intel i5-14400',10,'Intel','1700','25332',5550,1),(14,'Intel i5-14600KF',14,'Intel','1700','38866',6900,1),(15,'Intel i5-14600K',14,'Intel','1700','38719',7300,1),(16,'Intel i7-14700F',20,'Intel','1700','41860',9600,1),(17,'Intel i7-14700',20,'Intel','1700','41673',10200,1),(18,'Intel i7-14700KF',20,'Intel','1700','53083',11000,1),(19,'Intel i7-14700K',20,'Intel','1700','52616',12000,1),(20,'Intel i9-14900KF',24,'Intel','1700','58717',15300,1),(21,'Intel i9-14900K',24,'Intel','1700','58922',15990,1),(22,'Intel i3-12100',4,'Intel','1700','12359',3250,1),(23,'Intel i5-12400F',6,'Intel','1700','19478',3450,1),(24,'Intel i5-12400',6,'Intel','1700','19096',4500,1),(25,'Intel i7-12700K',12,'Intel','1700','34462',9350,1),(26,'Intel Xeon W5-2455X',12,'Intel','4677','37370',36700,1),(27,'Intel Xeon W5-2465X',16,'Intel','4677','45782',47900,1),(28,'Intel Xeon W5-3435X',16,'Intel','4677','45862',56500,1),(29,'Intel Xeon W7-3465X',28,'Intel','4677','62564',100500,1),(30,'Intel Xeon W9-3475X',36,'Intel','4677','64709',132500,1),(31,'AMD R5 3400G',4,'AMD','AM4','9218',2100,2),(32,'AMD R5 5500GT',6,'AMD','AM4','19384',3900,2),(33,'AMD R5 5600GT',6,'AMD','AM4','20325',4450,2),(34,'AMD R5 5600X',6,'AMD','AM4','21861',5690,2),(35,'AMD R7 5700X',8,'AMD','AM4','26631',6490,2),(36,'AMD R5 7500F MPK(含風扇)',6,'AMD','AM5','26840',4990,2),(37,'AMD R5 7600',6,'AMD','AM5','2944',6650,2),(38,'AMD R7 7700 MPK(代理含風扇)',8,'AMD','AM5','3181',7390,2),(39,'AMD R7 7800X3D',8,'AMD','AM5','34237',12950,2),(40,'AMD R9 7950X',16,'AMD','AM5','62523',18900,2),(41,'AMD R9 7950X3D',16,'AMD','AM5','62434',22950,2),(42,'AMD R5 8400F MPK(代理含風扇)',6,'AMD','AM5','24557',3990,2),(43,'AMD R7 8700F MPK(代理含風扇)',8,'AMD','AM5','31363',5990,2),(44,'AMD R5 8400F',6,'AMD','AM5','24557',4950,2),(45,'AMD R7 8700G',8,'AMD','AM5','31712',9450,2),(46,'AMD R5 9600',6,'AMD','AM5','2359',7850,2),(47,'AMD R5 9600X',6,'AMD','AM5','29972',7990,2),(48,'AMD R7 9700X',8,'AMD','AM5','37193',11500,2),(49,'AMD R7 9800X3D',8,'AMD','AM5','40015',16450,2),(50,'AMD R9 9900X',12,'AMD','AM5','54711',14850,2),(51,'AMD R9 9900X3D',12,'AMD','AM5','56532',21250,2),(52,'AMD R9 9950X',16,'AMD','AM5','66099',20950,2),(53,'AMD R9 9950X3D',16,'AMD','AM5','70355',25200,2),(54,'AMD Ryzen TR 7970X',32,'AMD','sTR5','98530',88000,2),(55,'AMD Ryzen TR 7980X',64,'AMD','sTR5','136185',182700,2);
/*!40000 ALTER TABLE `cpu_table` ENABLE KEYS */;
UNLOCK TABLES;

--
-- Table structure for table `gpu_table`
--

DROP TABLE IF EXISTS `gpu_table`;
/*!40101 SET @saved_cs_client     = @@character_set_client */;
/*!50503 SET character_set_client = utf8mb4 */;
CREATE TABLE `gpu_table` (
  `id` int unsigned NOT NULL AUTO_INCREMENT,
  `brand` varchar(255) NOT NULL,
  `chipset_brand` varchar(255) DEFAULT NULL,
  `series` varchar(255) DEFAULT NULL,
  `VRAM` int unsigned DEFAULT NULL,
  `name` varchar(255) NOT NULL,
  `score` varchar(255) DEFAULT NULL,
  `price` int unsigned DEFAULT NULL,
  `brand_id` int DEFAULT NULL,
  PRIMARY KEY (`id`),
  KEY `fk_gpu_brand` (`brand_id`),
  CONSTRAINT `fk_gpu_brand` FOREIGN KEY (`brand_id`) REFERENCES `brand_table` (`id`)
) ENGINE=InnoDB AUTO_INCREMENT=217 DEFAULT CHARSET=utf8mb4 COLLATE=utf8mb4_0900_ai_ci;
/*!40101 SET character_set_client = @saved_cs_client */;

--
-- Dumping data for table `gpu_table`
--

LOCK TABLES `gpu_table` WRITE;
/*!40000 ALTER TABLE `gpu_table` DISABLE KEYS */;
INSERT INTO `gpu_table` VALUES (1,'華擎','INTEL','ARC B580',12,'華擎 ARC B580 Challenger 12G OC','15789',9290,4),(2,'華擎','INTEL','ARC B580',12,'華擎 ARC B580 Steel Legend 12G OC','15789',10290,4),(3,'ACER','INTEL','ARC A770',16,'ACER Predator Arc A770 16G','13196',9990,5),(4,'微星','NVIDIA','N210',1,'微星 N210-MD1G/D3','128',1250,6),(5,'華碩','NVIDIA','GT710',2,'華碩 GT710-SL-2GD5-BRK-EVO','622',1790,7),(6,'技嘉','NVIDIA','N710D3',2,'技嘉 N710D3-2GL','622',1690,8),(7,'微星','NVIDIA','GT710',2,'微星 GT710 2GD3H LP','622',1790,6),(8,'INNO3D','NVIDIA','GT710',1,'INNO3D GT710 1GB DDR3','437',1388,9),(9,'INNO3D','NVIDIA','GT710',2,'INNO3D GT710 2GB DDR3','622',1588,9),(10,'ZOTAC','NVIDIA','GT710',2,'ZOTAC GT710-2GD3-L','622',1690,10),(11,'華碩','NVIDIA','GT730',2,'華碩 GT730-SL-2GD5-BRK','824',2590,7),(12,'華碩','NVIDIA','GT730',2,'華碩 GT730-4H-SL-2GD5','824',2890,7),(13,'微星','NVIDIA','GT730',2,'微星 N730-2GD3V3','824',2590,6),(14,'INNO3D','NVIDIA','GT730',2,'INNO3D GT730 2GB SDDR3','824',1888,9),(15,'ZOTAC','NVIDIA','GT730',2,'ZOTAC GT730 2GB Zone Edition','824',2350,10),(16,'華碩','NVIDIA','GT1030',2,'華碩 GT1030-SL-2G-BRK','2428',2890,7),(17,'微星','NVIDIA','GT1030',2,'微星 GT1030 2GD4 LP OC','2428',2850,6),(18,'微星','NVIDIA','GT1030',2,'微星 GT1030 AERO ITX 2GD4 OCV1','2428',3290,6),(19,'技嘉','NVIDIA','GT1030',2,'技嘉 GT1030 Low Profile D4 2G','2428',2890,8),(20,'INNO3D','NVIDIA','GT1030',2,'INNO3D GT1030 2G','2428',2488,9),(21,'ZOTAC','NVIDIA','GT1030',2,'ZOTAC GT1030 2GB GDDR5 HDMI/DVI Low Profile','2428',2790,10),(22,'ZOTAC','NVIDIA','GT1030',2,'ZOTAC GT1030 2GB GDDR5 HDMI/VGA Low Profile','2428',2790,10),(23,'華碩','NVIDIA','RTX3050',6,'華碩 DUAL-RTX3050-O6G','10734',6290,7),(24,'華碩','NVIDIA','RTX3050',6,'華碩 RTX3050-O6G-LP-BRK','10734',6390,7),(25,'技嘉','NVIDIA','RTX3050',6,'技嘉 RTX3050 OC Low Profile 6G','10734',5990,8),(26,'技嘉','NVIDIA','RTX3050',6,'技嘉 RTX3050 WINDFORCE OC V2 6G','10734',5990,8),(27,'微星','NVIDIA','RTX3050',6,'微星 RTX3050 LP 6G OC','10734',5990,6),(28,'微星','NVIDIA','RTX3050',6,'微星 RTX3050 VENTUS 2X E 6G OC','10734',5990,6),(29,'微星','NVIDIA','RTX3050',6,'微星 RTX3050 GAMING X 6G','10734',6190,6),(30,'ZOTAC','NVIDIA','RTX3050',6,'ZOTAC RTX3050 6GB GDDR6 Solo','10734',5890,10),(31,'ZOTAC','NVIDIA','RTX3050',6,'ZOTAC RTX3050 6GB GDDR6 LP','10734',5990,10),(32,'ZOTAC','NVIDIA','RTX3050',6,'ZOTAC RTX3050 6GB GDDR6 Twin Edge OC','10734',5590,10),(33,'INNO3D','NVIDIA','RTX3050',6,'INNO3D RTX3050 6GB TWIN X2','10734',5488,9),(34,'微星','NVIDIA','RTX3050',8,'微星 RTX3050 AERO ITX 8G OCV1','12572',6890,6),(35,'微星','NVIDIA','RTX3050',8,'微星 RTX3050 VENTUS 2X XS 8G OC','12572',6990,6),(36,'ZOTAC','NVIDIA','RTX3050',8,'ZOTAC RTX3050 ECO SOLO','12572',6390,10),(37,'INNO3D','NVIDIA','RTX3050',8,'INNO3D RTX3050 TWIN X2','12572',6488,9),(38,'微星','NVIDIA','RTX3060',12,'微星 RTX3060 VENTUS 2X 12G OC','16839',8990,6),(39,'華碩','NVIDIA','RTX4060',8,'華碩 DUAL-RTX4060-O8G-EVO-WHITE','19700',10990,7),(40,'技嘉','NVIDIA','RTX4060',8,'技嘉 RTX4060 D6 8G','19700',9690,8),(41,'技嘉','NVIDIA','RTX4060',8,'技嘉 RTX4060 OC Low Profile 8G','19700',10490,8),(42,'微星','NVIDIA','RTX4060',8,'微星 RTX4060 CYCLONE 8G OC 金螳螂','19700',9690,6),(43,'ZOTAC','NVIDIA','RTX4060',8,'ZOTAC RTX4060 8GB SOLO','19700',9390,10),(44,'華碩','NVIDIA','RTX4060TI',8,'華碩 DUAL-RTX4060TI-O8G-EVO','22722',13690,7),(45,'技嘉','NVIDIA','RTX4070',12,'技嘉 RTX4070 SUPER WINDFORCE OC 12G','26946',21990,8),(46,'華碩','NVIDIA','RTX5060',8,'華碩 DUAL-RTX5060-O8G','21440',10990,7),(47,'華碩','NVIDIA','RTX5060',8,'華碩 PRIME-RTX5060-O8G','21440',11990,7),(48,'華碩','NVIDIA','RTX5060',8,'華碩 TUF-RTX5060-O8G-GAMING','21440',12990,7),(49,'技嘉','NVIDIA','RTX5060',8,'技嘉 RTX5060 WINDFORCE 8G','21440',10990,8),(50,'技嘉','NVIDIA','RTX5060',8,'技嘉 RTX5060 WINDFORCE OC 8G','21440',11290,8),(51,'技嘉','NVIDIA','RTX5060',8,'技嘉 RTX5060 OC Low Profile 8G','21440',11990,8),(52,'技嘉','NVIDIA','RTX5060',8,'技嘉 RTX5060 EAGLE OC 8G','21440',11890,8),(53,'技嘉','NVIDIA','RTX5060',8,'技嘉 RTX5060 EAGLE OC ICE 8G 白','21440',12290,8),(54,'技嘉','NVIDIA','RTX5060',8,'技嘉 RTX5060 GAMING OC 8G','21440',12590,8),(55,'技嘉','NVIDIA','RTX5060',8,'技嘉 RTX5060 AERO OC 8G','21440',12990,8),(56,'技嘉','NVIDIA','RTX5060',8,'技嘉 AORUS RTX5060 ELITE 8G','21440',13290,8),(57,'微星','NVIDIA','RTX5060',8,'微星 RTX5060 8G VENTUS 2X OC','21440',10990,6),(58,'微星','NVIDIA','RTX5060',8,'微星 RTX5060 8G CYCLONE OC 雪螳螂','21440',10990,6),(59,'微星','NVIDIA','RTX5060',8,'微星 RTX5060 8G VENTUS 3X OC','21440',11990,6),(60,'微星','NVIDIA','RTX5060',8,'微星 RTX5060 8G GAMING TRIO OC','21440',12990,6),(61,'ZOTAC','NVIDIA','RTX5060',8,'ZOTAC RTX5060 SOLO','21440',10990,10),(62,'ZOTAC','NVIDIA','RTX5060',8,'ZOTAC RTX5060 AMP','21440',11888,10),(63,'INNO3D','NVIDIA','RTX5060',8,'INNO3D RTX5060 8GB TWIN X2','21440',10990,9),(64,'華碩','NVIDIA','RTX5060TI',8,'華碩 DUAL-RTX5060TI-O8G','22538',13790,7),(65,'華碩','NVIDIA','RTX5060TI',8,'華碩 PRIME-RTX5060TI-O8G','22538',15990,7),(66,'華碩','NVIDIA','RTX5060TI',8,'華碩 TUF-RTX5060TI-O8G-GAMING','22538',16990,7),(67,'技嘉','NVIDIA','RTX5060TI',8,'技嘉 RTX5060Ti WINDFORCE 8G','22538',13790,8),(68,'技嘉','NVIDIA','RTX5060TI',8,'技嘉 RTX5060Ti WINDFORCE OC 8G','22538',13790,8),(69,'技嘉','NVIDIA','RTX5060TI',8,'技嘉 RTX5060Ti EAGLE OC 8G','22538',14990,8),(70,'技嘉','NVIDIA','RTX5060TI',8,'技嘉 RTX5060Ti EAGLE OC ICE 8G 白','22538',15490,8),(71,'技嘉','NVIDIA','RTX5060TI',8,'技嘉 RTX5060Ti GAMING OC 8G','22538',15990,8),(72,'技嘉','NVIDIA','RTX5060TI',8,'技嘉 RTX5060Ti AERO OC 8G 白','22538',16490,8),(73,'微星','NVIDIA','RTX5060TI',8,'微星 RTX5060Ti 8G VENTUS 2X PLUS','22538',13790,6),(74,'微星','NVIDIA','RTX5060TI',8,'微星 RTX5060Ti 8G VENTUS 2X OC PLUS','22538',14500,6),(75,'微星','NVIDIA','RTX5060TI',8,'微星 RTX5060Ti 8G CYCLONE OC 雪螳螂','22538',14500,6),(76,'微星','NVIDIA','RTX5060TI',8,'微星 RTX5060Ti 8G VENTUS 3X OC','22538',14990,6),(77,'微星','NVIDIA','RTX5060TI',8,'微星 RTX5060Ti 8G GAMING TRIO OC','22538',15990,6),(78,'微星','NVIDIA','RTX5060TI',8,'微星 RTX5060Ti 8G GAMING TRIO OC WHITE 白','22538',16990,6),(79,'ZOTAC','NVIDIA','RTX5060TI',8,'ZOTAC RTX5060Ti 8GB Twin Edge','22538',13790,10),(80,'ZOTAC','NVIDIA','RTX5060TI',8,'ZOTAC RTX5060Ti 8GB Twin Edge OC','22538',14490,10),(81,'ZOTAC','NVIDIA','RTX5060TI',8,'ZOTAC RTX5060Ti 8GB AMP','22538',15490,10),(82,'INNO3D','NVIDIA','RTX5060TI',8,'INNO3D RTX5060Ti 8GB TWIN X2','22538',13790,9),(83,'INNO3D','NVIDIA','RTX5060TI',8,'INNO3D RTX5060Ti 8GB TWIN X2 OC','22538',14488,9),(84,'INNO3D','NVIDIA','RTX5060TI',8,'INNO3D RTX5060Ti 8GB TWIN X2 OC WHITE','22538',14888,9),(85,'華碩','NVIDIA','RTX5060TI',16,'華碩 DUAL-RTX5060TI-O16G','22683',15590,7),(86,'華碩','NVIDIA','RTX5060TI',16,'華碩 PRIME-RTX5060TI-O16G','22683',17990,7),(87,'華碩','NVIDIA','RTX5060TI',16,'華碩 TUF-RTX5060TI-O16G-GAMING','22683',18990,7),(88,'技嘉','NVIDIA','RTX5060TI',16,'技嘉 RTX5060Ti WINDFORCE 16G','22683',15590,8),(89,'技嘉','NVIDIA','RTX5060TI',16,'技嘉 RTX5060Ti WINDFORCE OC 16G','22683',15990,8),(90,'技嘉','NVIDIA','RTX5060TI',16,'技嘉 RTX5060Ti EAGLE OC 16G','22683',16990,8),(91,'技嘉','NVIDIA','RTX5060TI',16,'技嘉 RTX5060Ti GAMING OC 16G','22683',17990,8),(92,'技嘉','NVIDIA','RTX5060TI',16,'技嘉 RTX5060Ti AERO OC 16G 白','22683',18490,8),(93,'技嘉','NVIDIA','RTX5060TI',16,'技嘉 AORUS RTX5060Ti ELITE 16G','22683',18990,8),(94,'微星','NVIDIA','RTX5060TI',16,'微星 RTX5060Ti 16G VENTUS 2X OC PLUS','22683',16990,6),(95,'微星','NVIDIA','RTX5060TI',16,'微星 RTX5060Ti 16G VENTUS 3X OC','22683',17590,6),(96,'微星','NVIDIA','RTX5060TI',16,'微星 RTX5060Ti 16G VANGUARD SOC','22683',18990,6),(97,'ZOTAC','NVIDIA','RTX5060TI',16,'ZOTAC RTX5060Ti 16GB Twin Edge','22683',15590,10),(98,'ZOTAC','NVIDIA','RTX5060TI',16,'ZOTAC RTX5060Ti 16GB Twin Edge OC','22683',16490,10),(99,'INNO3D','NVIDIA','RTX5060TI',16,'INNO3D RTX5060Ti 16GB TWIN X2 OC WHITE','22683',16888,9),(100,'華碩','NVIDIA','RTX5070',12,'華碩 PRIME-RTX5070-12G','28933',22990,7),(101,'華碩','NVIDIA','RTX5070',12,'華碩 PRIME-RTX5070-O12G','28933',23990,7),(102,'華碩','NVIDIA','RTX5070',12,'華碩 TUF-RTX5070-O12G-GAMING','28933',25990,7),(103,'華碩','NVIDIA','RTX5070',12,'華碩 ROG-STRIX-RTX5070-O12G-GAMING','28933',28990,7),(104,'技嘉','NVIDIA','RTX5070',12,'技嘉 RTX5070 WINDFORCE SFF 12G','28933',19990,8),(105,'技嘉','NVIDIA','RTX5070',12,'技嘉 RTX5070 WINDFORCE OC SFF 12G','28933',20990,8),(106,'技嘉','NVIDIA','RTX5070',12,'技嘉 RTX5070 EAGLE OC SFF 12G','28933',21990,8),(107,'技嘉','NVIDIA','RTX5070',12,'技嘉 RTX5070 EAGLE OC ICE SFF 12G','28933',22990,8),(108,'技嘉','NVIDIA','RTX5070',70,'技嘉 RTX5070 GAMING OC 12G','28933',23990,8),(109,'技嘉','NVIDIA','RTX5070',12,'技嘉 RTX5070 AERO OC 12G','28933',24990,8),(110,'技嘉','NVIDIA','RTX5070',12,'技嘉 AORUS RTX5070 MASTER 12G','28933',25990,8),(111,'微星','NVIDIA','RTX5070',12,'微星 RTX5070 12G SHADOW 2X OC','28933',19990,6),(112,'微星','NVIDIA','RTX5070',12,'微星 RTX5070 12G VENTUS 2X OC','28933',21990,6),(113,'微星','NVIDIA','RTX5070',12,'微星 RTX5070 12G VENTUS 2X OC WHITE','28933',22990,6),(114,'微星','NVIDIA','RTX5070',12,'微星 RTX5070 12G VENTUS 3X OC','28933',22990,6),(115,'微星','NVIDIA','RTX5070',12,'微星 RTX5070 12G INSPIRE 3X OC','28933',22990,6),(116,'微星','NVIDIA','RTX5070',12,'微星 RTX5070 12G GAMING TRIO OC','28933',24990,6),(117,'微星','NVIDIA','RTX5070',12,'微星 RTX5070 12G GAMING TRIO OC WHITE','28933',25500,6),(118,'微星','NVIDIA','RTX5070',12,'微星 RTX5070 12G VANGUARD SOC LAUNCH EDITION先鋒','28933',27990,6),(119,'ZOTAC','NVIDIA','RTX5070',12,'ZOTAC RTX5070 Twin Edge','28933',19990,10),(120,'ZOTAC','NVIDIA','RTX5070',12,'ZOTAC RTX5070 Twin Edge OC','28933',21990,10),(121,'ZOTAC','NVIDIA','RTX5070',12,'ZOTAC RTX5070 SOLID','28933',22990,10),(122,'ZOTAC','NVIDIA','RTX5070',12,'ZOTAC RTX5070 SOLID OC','28933',23990,10),(123,'ZOTAC','NVIDIA','RTX5070',12,'ZOTAC RTX5070 AMP White Edition','28933',24990,10),(124,'INNO3D','NVIDIA','RTX5070',12,'INNO3D RTX5070 TWIN X2','28933',19990,9),(125,'INNO3D','NVIDIA','RTX5070',12,'INNO3D RTX5070 TWIN X2 OC','28933',21488,9),(126,'INNO3D','NVIDIA','RTX5070',12,'INNO3D RTX5070 TWIN X2 OC WHITE','28933',22488,9),(127,'INNO3D','NVIDIA','RTX5070',12,'INNO3D RTX5070 X3 OC','28933',23488,9),(128,'華碩','NVIDIA','RTX5070TI',16,'華碩 PRIME-RTX5070TI-O16G','32791',32990,7),(129,'華碩','NVIDIA','RTX5070TI',16,'華碩 TUF-RTX5070TI-O16G-GAMING','32791',34990,7),(130,'華碩','NVIDIA','RTX5070TI',16,'華碩 ROG-STRIX-RTX5070TI-O16G-GAMING','32791',37990,7),(131,'技嘉','NVIDIA','RTX5070TI',16,'技嘉 RTX5070Ti WINDFORCE SFF 16G','32791',26990,8),(132,'技嘉','NVIDIA','RTX5070TI',16,'技嘉 RTX5070Ti WINDFORCE OC SFF 16G','32791',30990,8),(133,'技嘉','NVIDIA','RTX5070TI',16,'技嘉 RTX5070Ti EAGLE OC SFF 16G','32791',31990,8),(134,'技嘉','NVIDIA','RTX5070TI',16,'技嘉 RTX5070Ti EAGLE OC ICE SFF 16G','32791',32990,8),(135,'技嘉','NVIDIA','RTX5070TI',16,'技嘉 RTX5070Ti GAMING OC 16G','32791',33990,8),(136,'技嘉','NVIDIA','RTX5070TI',16,'技嘉 RTX5070Ti AERO OC 16G','32791',34990,8),(137,'技嘉','NVIDIA','RTX5070TI',16,'技嘉 AORUS RTX5070Ti MASTER 16G','32791',35990,8),(138,'微星','NVIDIA','RTX5070TI',16,'微星 RTX5070Ti 16G SHADOW 3X OC','32791',26990,6),(139,'微星','NVIDIA','RTX5070TI',16,'微星 RTX5070Ti 16G VENTUS 3X OC','32791',30990,6),(140,'微星','NVIDIA','RTX5070TI',16,'微星 RTX5070Ti 16G INSPIRE 3X OC','32791',31990,6),(141,'微星','NVIDIA','RTX5070TI',16,'微星 RTX5070Ti 16G GAMING TRIO OC','32791',32990,6),(142,'微星','NVIDIA','RTX5070TI',16,'微星 RTX5070Ti 16G GAMING TRIO OC WHITE白龍','32791',33990,6),(143,'微星','NVIDIA','RTX5070TI',16,'微星 RTX5070Ti 16G VANGUARD SOC先鋒','32791',35990,6),(144,'ZOTAC','NVIDIA','RTX5070TI',16,'ZOTAC RTX5070Ti SOLID CORE OC','32791',31990,10),(145,'ZOTAC','NVIDIA','RTX5070TI',16,'ZOTAC RTX5070Ti SOLID CORE OC White Edition','32791',32990,10),(146,'ZOTAC','NVIDIA','RTX5070TI',16,'ZOTAC RTX5070Ti SOLID SFF OC','32791',31990,10),(147,'ZOTAC','NVIDIA','RTX5070TI',16,'ZOTAC RTX5070Ti AMP Extreme INFINITY','32791',33990,10),(148,'INNO3D','NVIDIA','RTX5070TI',16,'INNO3D RTX5070TI X3 OC','32791',30888,9),(149,'INNO3D','NVIDIA','RTX5070TI',16,'INNO3D RTX5070TI X3 OC WHITE','32791',32888,9),(150,'華碩','NVIDIA','RTX5080',16,'華碩 PRIME-RTX5080-O16G','36217',44990,7),(151,'華碩','NVIDIA','RTX5080',16,'華碩 TUF-RTX5080-O16G-GAMING','36217',49990,7),(152,'華碩','NVIDIA','RTX5080',16,'華碩 ROG-ASTRAL-RTX5080-O16G-GAMING','36217',55990,7),(153,'技嘉','NVIDIA','RTX5080',16,'技嘉 RTX5080 WINDFORCE OC SFF 16G','36217',42990,8),(154,'技嘉','NVIDIA','RTX5080',80,'技嘉 RTX5080 GAMING OC 16G','36217',47990,8),(155,'技嘉','NVIDIA','RTX5080',16,'技嘉 RTX5080 AERO OC SFF 16G','36217',48990,8),(156,'技嘉','NVIDIA','RTX5080',16,'技嘉 AORUS RTX5080 MASTER 16G','36217',52990,8),(157,'技嘉','NVIDIA','RTX5080',16,'技嘉 AORUS RTX5080 MASTER ICE 16G','36217',53990,8),(158,'微星','NVIDIA','RTX5080',16,'微星 RTX5080 16G VENTUS 3X OC PLUS','36217',35990,6),(159,'微星','NVIDIA','RTX5080',16,'微星 RTX5080 16G GAMING TRIO OC','36217',45990,6),(160,'微星','NVIDIA','RTX5080',16,'微星 RTX5080 16G VANGUARD SOC先鋒','36217',48990,6),(161,'微星','NVIDIA','RTX5080',16,'微星 RTX5080 16G SUPRIM LIQUID SOC','36217',53990,6),(162,'ZOTAC','NVIDIA','RTX5080',16,'ZOTAC RTX5080 SOLID CORE OC','36217',45990,10),(163,'ZOTAC','NVIDIA','RTX5080',16,'ZOTAC RTX5080 SOLID OC','36217',46990,10),(164,'ZOTAC','NVIDIA','RTX5080',16,'ZOTAC RTX5080 SOLID OC White Edition','36217',47990,10),(165,'ZOTAC','NVIDIA','RTX5080',16,'ZOTAC RTX5080 AMP Extreme INFINITY','36217',49990,10),(166,'INNO3D','NVIDIA','RTX5080',16,'INNO3D RTX5080 X3','36217',40888,9),(167,'INNO3D','NVIDIA','RTX5080',16,'INNO3D RTX5080 X3 OC','36217',42888,9),(168,'INNO3D','NVIDIA','RTX5080',16,'INNO3D RTX5080 X3 OC WHITE','36217',44888,9),(169,'華碩','NVIDIA','RTX5090',32,'華碩 TUF-RTX5090-O32G-GAMING','39870',99990,7),(170,'華碩','NVIDIA','RTX5090',32,'華碩 ROG-ASTRAL-RTX5090-O32G-GAMING','39870',105990,7),(171,'華碩','NVIDIA','RTX5090',32,'華碩 ROG-ASTRAL-LC-RTX5090-O32G-GAMING','39870',109990,7),(172,'技嘉','NVIDIA','RTX5090',32,'技嘉 RTX5090 WINDFORCE OC 32G','39870',92990,8),(173,'技嘉','NVIDIA','RTX5090',32,'技嘉 RTX5090 GAMING OC 32G','39870',95990,8),(174,'技嘉','NVIDIA','RTX5090',32,'技嘉 AORUS RTX5090 MASTER 32G','39870',98990,8),(175,'技嘉','NVIDIA','RTX5090',32,'技嘉 AORUS RTX5090 MASTER ICE 32G','39870',99990,8),(176,'技嘉','NVIDIA','RTX5090',32,'技嘉 AORUS RTX5090 XTREME WATERFORCE 32G','39870',102990,8),(177,'技嘉','NVIDIA','RTX5090',32,'技嘉 AORUS RTX5090 XTREME WATERFORCE WB 32G','39870',102990,8),(178,'微星','NVIDIA','RTX5090',32,'微星 RTX5090 32G VENTUS 3X OC','39870',71990,6),(179,'微星','NVIDIA','RTX5090',32,'微星 RTX5090 32G GAMING TRIO OC','39870',95990,6),(180,'微星','NVIDIA','RTX5090',32,'微星 RTX5090 32G VANGUARD SOC','39870',98990,6),(181,'微星','NVIDIA','RTX5090',32,'微星 RTX5090 32G SUPRIM SOC','39870',99990,6),(182,'微星','NVIDIA','RTX5090',32,'微星 RTX5090 32G SUPRIM LIQUID SOC','39870',103990,6),(183,'ZOTAC','NVIDIA','RTX5090',32,'ZOTAC RTX5090 SOLID OC','39870',96990,10),(184,'ZOTAC','NVIDIA','RTX5090',32,'ZOTAC RTX5090 SOLID OC White Edition','39870',97990,10),(185,'ZOTAC','NVIDIA','RTX5090',32,'ZOTAC RTX5090 AMP Extreme INFINITY','39870',98990,10),(186,'INNO3D','NVIDIA','RTX5090',32,'INNO3D RTX5090 X3','39870',89888,9),(187,'INNO3D','NVIDIA','RTX5090',32,'INNO3D RTX5090 X3 OC','39870',93888,9),(188,'麗臺','NVIDIA','T400',4,'麗臺 T400','3801',5900,11),(189,'麗臺','NVIDIA','T1000',4,'麗臺 T1000','6484',11900,11),(190,'麗臺','NVIDIA','T1000',8,'麗臺 T1000','6721',14500,11),(191,'麗臺','NVIDIA','NVIDIA RTX 2000 Ada',16,'麗臺 NVIDIA RTX 2000 Ada','17069',27900,11),(192,'麗臺','NVIDIA','NVIDIA RTX 4000 SFF Ada',20,'麗臺 NVIDIA RTX 4000 SFF Ada','20469',58000,11),(193,'麗臺','NVIDIA','NVIDIA RTX 4000 Ada',20,'麗臺 NVIDIA RTX 4000 Ada','23753',58000,11),(194,'麗臺','NVIDIA','NVIDIA RTX 4500 Ada',24,'麗臺 NVIDIA RTX 4500 Ada','27468',105000,11),(195,'麗臺','NVIDIA','NVIDIA RTX 5000 Ada',32,'麗臺 NVIDIA RTX 5000 Ada','30355',179000,11),(196,'麗臺','NVIDIA','NVIDIA RTX 6000 Ada',48,'麗臺 NVIDIA RTX 6000 Ada','28551',299000,11),(197,'麗臺','NVIDIA','NVIDIA RTX A400',4,'麗臺 NVIDIA RTX A400','5885',6400,11),(198,'麗臺','NVIDIA','NVIDIA RTX A1000',8,'麗臺 NVIDIA RTX A1000','10652',15300,11),(199,'麗臺','NVIDIA','NVIDIA RTX A2000',12,'麗臺 NVIDIA RTX A2000','13741',23900,11),(200,'麗臺','NVIDIA','NVIDIA RTX A5500',24,'麗臺 NVIDIA RTX A5500','21276',143000,11),(201,'撼訊','AMD','R7 240',2,'撼訊 AXR7 240 2GBD5-HLEV2','901',1990,12),(202,'ACER','AMD','RX7600',8,'ACER Predator Radeon RX7600 8G OC','16614',8990,5),(203,'技嘉','AMD','RX9070',70,'技嘉 RX9070 GAMING OC 16G','25065',19990,8),(204,'華擎','AMD','RX9070',16,'華擎 RX9070 Challenger 16GB','25065',24390,4),(205,'撼訊','AMD','RX9070',16,'撼訊 RX9070 16G-L/OC 暗黑犬','25065',21990,12),(206,'華碩','AMD','RX9070XT',16,'華碩 PRIME-RX9070XT-O16G','26927',25990,7),(207,'技嘉','AMD','RX9070XT',16,'技嘉 RX9070XT GAMING 16G','26927',22990,8),(208,'技嘉','AMD','RX9070XT',16,'技嘉 RX9070XT GAMING OC 16G','26927',23990,8),(209,'技嘉','AMD','RX9070XT',16,'技嘉 AORUS RX9070XT ELITE 16G','26927',25990,8),(210,'華擎','AMD','RX9070XT',16,'華擎 RX9070XT Steel Legend Dark 16GB','26927',26990,4),(211,'華擎','AMD','RX9070XT',16,'華擎 RX9070XT Steel Legend 16GB','26927',26990,4),(212,'華擎','AMD','RX9070XT',16,'華擎 RX9070XT Taichi 16GB OC','26927',29990,4),(213,'ACER','AMD','RX9070XT',16,'ACER NITRO RX9070XT 16G OC','26927',22990,5),(214,'撼訊','AMD','RX9070XT',16,'撼訊 RX9070XT 16G-L/OC 暗黑犬','26927',24990,12),(215,'撼訊','AMD','RX9070XT',16,'撼訊 RX9070XT 16G-L/OC/WHITE 暗黑犬','26927',25490,12),(216,'撼訊','AMD','RX9070XT',16,'撼訊 RX9070XT 16G-E/OC 紅魔','26927',25990,12);
/*!40000 ALTER TABLE `gpu_table` ENABLE KEYS */;
UNLOCK TABLES;

--
-- Table structure for table `mb_table`
--

DROP TABLE IF EXISTS `mb_table`;
/*!40101 SET @saved_cs_client     = @@character_set_client */;
/*!50503 SET character_set_client = utf8mb4 */;
CREATE TABLE `mb_table` (
  `id` int unsigned NOT NULL AUTO_INCREMENT,
  `brand` varchar(255) NOT NULL,
  `name` varchar(100) NOT NULL,
  `chipse` varchar(255) DEFAULT NULL,
  `socket_type` varchar(255) DEFAULT NULL,
  `form_factor` varchar(255) DEFAULT NULL,
  `price` int unsigned DEFAULT NULL,
  `brand_id` int DEFAULT NULL,
  PRIMARY KEY (`id`),
  KEY `fk_mb_brand` (`brand_id`),
  CONSTRAINT `fk_mb_brand` FOREIGN KEY (`brand_id`) REFERENCES `brand_table` (`id`)
) ENGINE=InnoDB AUTO_INCREMENT=325 DEFAULT CHARSET=utf8mb4 COLLATE=utf8mb4_0900_ai_ci;
/*!40101 SET character_set_client = @saved_cs_client */;

--
-- Dumping data for table `mb_table`
--

LOCK TABLES `mb_table` WRITE;
/*!40000 ALTER TABLE `mb_table` DISABLE KEYS */;
INSERT INTO `mb_table` VALUES (2,'華碩','華碩 PRO WS W680M-ACE SE','Intel W680','1700腳位','M-ATX',12990,7),(3,'華碩','華碩 PRO WS W680-ACE','Intel W680','1700腳位','ATX',9990,7),(4,'華碩','華碩 PRO WS W680-ACE IPMI','Intel W680','1700腳位','ATX',13990,7),(5,'華碩','華碩 PRO WS Z890-ACE SE','Intel Z890','1851腳位','ATX',16990,7),(6,'華碩','華碩 Pro WS W790-ACE','Intel W790','4677腳位','CEB',27990,7),(7,'華碩','華碩 Pro WS W790E-SAGE SE','Intel W790','4677腳位','EEB',39990,7),(8,'技嘉','技嘉 W790 AI TOP','Intel W790','4677腳位','EEB',32900,8),(9,'華擎','華擎 W790 WS','Intel W790','4677腳位','EEB',34990,4),(10,'華碩','華碩 PRIME H610I-PLUS-CSM','Intel H610','1700腳位','MINI-ITX',3590,7),(11,'華碩','華碩 PRIME H610M-K-CSM','Intel H610','1700腳位','M-ATX',2990,7),(12,'華碩','華碩 PRIME H610M-K-CSM','Intel H610','1700腳位','M-ATX',2390,7),(13,'華碩','華碩 PRIME H610M-E-CSM','Intel H610','1700腳位','M-ATX',3090,7),(14,'華碩','華碩 PRIME H610M-F D4 R2.0-CSM','Intel H610','1700腳位','M-ATX',2690,7),(15,'華碩','華碩 PRIME H610M-F D4 R2.0-CSM','Intel H610','1700腳位','M-ATX',2090,7),(16,'華碩','華碩 PRIME H610M-K D4-CSM','Intel H610','1700腳位','M-ATX',2890,7),(17,'華碩','華碩 PRIME H610M-K D4-CSM','Intel H610','1700腳位','M-ATX',2290,7),(18,'華碩','華碩 PRIME H610M-E D4-CSM','Intel H610','1700腳位','M-ATX',2990,7),(19,'華碩','華碩 PRIME H610I-PLUS D4-CSM','Intel H610','1700腳位','MINI-ITX',3490,7),(20,'技嘉','技嘉 H610M K DDR4','Intel H610','1700腳位','M-ATX',2590,8),(21,'技嘉','技嘉 H610M K DDR4','Intel H610','1700腳位','M-ATX',1990,8),(22,'技嘉','技嘉 H610M H V2 DDR4','Intel H610','1700腳位','M-ATX',2690,8),(23,'技嘉','技嘉 H610M S2H V2 DDR4','Intel H610','1700腳位','M-ATX',2790,8),(24,'微星','微星 PRO H610M-S DDR4','Intel H610','1700腳位','M-ATX',1890,6),(25,'微星','微星 PRO H610M-E DDR4','Intel H610','1700腳位','M-ATX',2290,6),(26,'華擎','華擎 H610M-ITX/eDP','Intel H610','1700腳位','MINI-ITX',3190,4),(27,'華擎','華擎 H610M-H2/M.2','Intel H610','1700腳位','M-ATX',1990,4),(28,'華碩','華碩 B760M-AYW WIFI D4 阿唷喂','Intel B760','1700腳位','M-ATX',3590,7),(29,'華碩','華碩 PRIME B760M-F D4-CSM','Intel B760','1700腳位','M-ATX',2590,7),(30,'華碩','華碩 PRIME B760M-K D4-CSM','Intel B760','1700腳位','M-ATX',2990,7),(31,'華碩','華碩 PRIME B760M-A D4-CSM','Intel B760','1700腳位','M-ATX',3190,7),(32,'華碩','華碩 PRIME B760M-A WIFI D4-CSM','Intel B760','1700腳位','M-ATX',4090,7),(33,'華碩','華碩 TUF GAMING B760M-E D4','Intel B760','1700腳位','M-ATX',3990,7),(34,'華碩','華碩 TUF GAMING B760M-PLUS WIFI D4','Intel B760','1700腳位','M-ATX',4990,7),(35,'華碩','華碩 TUF GAMING B760-PLUS WIFI D4','Intel B760','1700腳位','ATX',4990,7),(36,'技嘉','技嘉 B760M D DDR4','Intel B760','1700腳位','M-ATX',2490,8),(37,'技嘉','技嘉 B760M H DDR4','Intel B760','1700腳位','M-ATX',2990,8),(38,'技嘉','技嘉 B760M GAMING DDR4','Intel B760','1700腳位','M-ATX',3690,8),(39,'技嘉','技嘉 B760M DS3H AX DDR4','Intel B760','1700腳位','M-ATX',3990,8),(40,'微星','微星 PRO B760M-E DDR4','Intel B760','1700腳位','M-ATX',2690,6),(41,'微星','微星 PRO B760M-B DDR4','Intel B760','1700腳位','M-ATX',2790,6),(42,'微星','微星 PRO B760M-P DDR4','Intel B760','1700腳位','M-ATX',2990,6),(43,'微星','微星 PRO B760M-A DDR4 II','Intel B760','1700腳位','M-ATX',3590,6),(44,'微星','微星 PRO B760M-A WIFI DDR4','Intel B760','1700腳位','M-ATX',3890,6),(45,'微星','微星 B760M BOMBER DDR4','Intel B760','1700腳位','M-ATX',2790,6),(46,'微星','微星 B760M BOMBER WIFI DDR4','Intel B760','1700腳位','M-ATX',3190,6),(47,'微星','微星 B760M GAMING PLUS WIFI DDR4','Intel B760','1700腳位','M-ATX',4890,6),(48,'微星','微星 PRO B760-P DDR4 II','Intel B760','1700腳位','ATX',3690,6),(49,'微星','微星 PRO B760-P WIFI DDR4','Intel B760','1700腳位','ATX',3990,6),(50,'微星','微星 B760 GAMING PLUS WIFI DDR4','Intel B760','1700腳位','ATX',4890,6),(51,'微星','微星 B760 TOMAHAWK WIFI DDR4','Intel B760','1700腳位','ATX',4990,6),(52,'華擎','華擎 B760M-ITX/D4 WiFi','Intel B760','1700腳位','MINI-ITX',4490,4),(53,'華擎','華擎 B760M-HDV/M.2 D4','Intel B760','1700腳位','M-ATX',2790,4),(54,'華擎','華擎 B760M-HDV/M.2 D4','Intel B760','1700腳位','M-ATX',2390,4),(55,'華碩','華碩 B760M-AYW WIFI 阿唷喂','Intel B760','1700腳位','M-ATX',3590,7),(56,'華碩','華碩 PRIME B760M-F-CSM','Intel B760','1700腳位','M-ATX',2990,7),(57,'華碩','華碩 PRIME B760M-F-CSM','Intel B760','1700腳位','M-ATX',2590,7),(58,'華碩','華碩 PRIME B760M-K-CSM','Intel B760','1700腳位','M-ATX',2990,7),(59,'華碩','華碩 PRIME B760M-A-CSM','Intel B760','1700腳位','M-ATX',3290,7),(60,'華碩','華碩 PRIME B760M-A WIFI-CSM','Intel B760','1700腳位','M-ATX',4490,7),(61,'華碩','華碩 TUF GAMING B760M-PLUS WIFI II','Intel B760','1700腳位','M-ATX',4990,7),(62,'華碩','華碩 TUF GAMING B760M-BTF WIFI 背插','Intel B760','1700腳位','M-ATX',4990,7),(63,'華碩','華碩 TUF GAMING B760-PLUS WIFI','Intel B760','1700腳位','ATX',4990,7),(64,'華碩','華碩 ProArt B760-CREATOR WIFI','Intel B760','1700腳位','ATX',7290,7),(65,'華碩','華碩 ROG STRIX B760-G GAMING WIFI','Intel B760','1700腳位','M-ATX',5290,7),(66,'華碩','華碩 ROG STRIX B760-A GAMING WIFI','Intel B760','1700腳位','ATX',5990,7),(67,'華碩','華碩 ROG STRIX B760-F GAMING WIFI','Intel B760','1700腳位','ATX',6490,7),(68,'技嘉','技嘉 B760M E','Intel B760','1700腳位','M-ATX',2990,8),(69,'技嘉','技嘉 B760M H','Intel B760','1700腳位','M-ATX',2990,8),(70,'技嘉','技嘉 B760M GAMING WIFI PLUS','Intel B760','1700腳位','M-ATX',3790,8),(71,'技嘉','技嘉 B760M DS3H','Intel B760','1700腳位','M-ATX',3990,8),(72,'技嘉','技嘉 B760M DS3H AX','Intel B760','1700腳位','M-ATX',4490,8),(73,'技嘉','技嘉 B760M AORUS ELITE AX','Intel B760','1700腳位','M-ATX',5490,8),(74,'技嘉','技嘉 B760M GAMING X AX','Intel B760','1700腳位','M-ATX',4990,8),(75,'微星','微星 PRO B760M-E','Intel B760','1700腳位','M-ATX',2690,6),(76,'微星','微星 PRO B760M-B','Intel B760','1700腳位','M-ATX',2790,6),(77,'微星','微星 PRO B760M-P','Intel B760','1700腳位','M-ATX',3190,6),(78,'微星','微星 B760M BOMBER','Intel B760','1700腳位','M-ATX',2790,6),(79,'微星','微星 B760M BOMBER WIFI','Intel B760','1700腳位','M-ATX',3090,6),(80,'微星','微星 B760M GAMING WIFI','Intel B760','1700腳位','M-ATX',3890,6),(81,'微星','微星 B760M GAMING PLUS WIFI','Intel B760','1700腳位','M-ATX',4090,6),(82,'微星','微星 B760M MORTAR II','Intel B760','1700腳位','M-ATX',4500,6),(83,'微星','微星 B760M MORTAR WIFI II','Intel B760','1700腳位','M-ATX',5300,6),(84,'微星','微星 B760M PROJECT ZERO 背插','Intel B760','1700腳位','M-ATX',4890,6),(85,'微星','微星 B760M EDGE TI WIFI','Intel B760','1700腳位','M-ATX',5990,6),(86,'微星','微星 B760 GAMING PLUS WIFI','Intel B760','1700腳位','ATX',4890,6),(87,'華擎','華擎 B760M-HDV/M.2','Intel B760','1700腳位','M-ATX',2390,4),(88,'華擎','華擎 B760M PG LIGHTNING','Intel B760','1700腳位','M-ATX',3890,4),(89,'華擎','華擎 B760M Steel Legend WiFi','Intel B760','1700腳位','M-ATX',3490,4),(90,'華擎','華擎 B760 Pro RS','Intel B760','1700腳位','ATX',4490,4),(91,'華碩','華碩 PRIME Z790-P D4-CSM','Intel Z790','1700腳位','ATX',5490,7),(92,'華碩','華碩 ROG STRIX Z790-A GAMING WIFI D4','Intel Z790','1700腳位','ATX',6990,7),(93,'技嘉','技嘉 Z790 S WIFI DDR4','Intel Z790','1700腳位','ATX',5990,8),(94,'微星','微星 PRO Z790-P WIFI DDR4','Intel Z790','1700腳位','ATX',4690,6),(95,'華碩','華碩 PRIME Z790-P WIFI-CSM','Intel Z790','1700腳位','ATX',6490,7),(96,'華碩','華碩 TUF GAMING Z790-PLUS WIFI','Intel Z790','1700腳位','ATX',7490,7),(97,'華碩','華碩 ProArt Z790-CREATOR WIFI','Intel Z790','1700腳位','ATX',13990,7),(98,'華碩','華碩 ROG STRIX Z790-A GAMING WIFI II','Intel Z790','1700腳位','ATX',11990,7),(99,'華碩','華碩 ROG MAXIMUS Z790 HERO BTF 背插','Intel Z790','1700腳位','ATX',21790,7),(100,'技嘉','技嘉 Z790 EAGLE AX','Intel Z790','1700腳位','ATX',6990,8),(101,'技嘉','技嘉 Z790 AORUS MASTER X','Intel Z790','1700腳位','E-ATX',19990,8),(102,'微星','微星 PRO Z790-P WIFI','Intel Z790','1700腳位','ATX',5290,6),(103,'微星','微星 MPG Z790 CARBON WIFI II','Intel Z790','1700腳位','ATX',15890,6),(104,'華擎','華擎 Z790I Lightning WiFi','Intel Z790','1700腳位','MINI-ITX',8390,4),(105,'華擎','華擎 Z790 Steel Legend WiFi','Intel Z790','1700腳位','ATX',7190,4),(106,'華擎','華擎 Z790 Riptide WIFI','Intel Z790','1700腳位','ATX',5790,4),(107,'華擎','華擎 H810M-X','Intel H810','1851腳位','M-ATX',3590,4),(108,'華碩','華碩 ROG STRIX B860-I GAMING WIFI','Intel B860','1851腳位','MINI-ITX',7590,7),(109,'華碩','華碩 B860M AYW GAMING WIFI','Intel B860','1851腳位','M-ATX',3990,7),(110,'華碩','華碩 PRIME B860M-K-CSM','Intel B860','1851腳位','M-ATX',2990,7),(111,'華碩','華碩 PRIME B860M-A-CSM','Intel B860','1851腳位','M-ATX',3990,7),(112,'華碩','華碩 PRIME B860M-A WIFI-CSM','Intel B860','1851腳位','M-ATX',4490,7),(113,'華碩','華碩 TUF GAMING B860M-PLUS','Intel B860','1851腳位','M-ATX',5990,7),(114,'華碩','華碩 TUF GAMING B860M-PLUS WIFI','Intel B860','1851腳位','M-ATX',6490,7),(115,'華碩','華碩 PRIME B860-PLUS WIFI-CSM','Intel B860','1851腳位','ATX',4990,7),(116,'華碩','華碩 TUF GAMING B860-PLUS WIFI','Intel B860','1851腳位','ATX',6790,7),(117,'華碩','華碩 ROG STRIX B860-G GAMING WIFI','Intel B860','1851腳位','M-ATX',7490,7),(118,'華碩','華碩 ROG STRIX B860-A GAMING WIFI','Intel B860','1851腳位','ATX',7690,7),(119,'華碩','華碩 ROG STRIX B860-F GAMING WIFI','Intel B860','1851腳位','ATX',8490,7),(120,'技嘉','技嘉 B860M D2H','Intel B860','1851腳位','M-ATX',2990,8),(121,'技嘉','技嘉 B860M DS3H WIFI6E','Intel B860','1851腳位','M-ATX',5290,8),(122,'技嘉','技嘉 B860M GAMING X WIFI6E','Intel B860','1851腳位','M-ATX',5990,8),(123,'技嘉','技嘉 B860M GAMING WIFI6','Intel B860','1851腳位','M-ATX',3990,8),(124,'技嘉','技嘉 B860M AORUS ELITE WIFI6E','Intel B860','1851腳位','M-ATX',6490,8),(125,'技嘉','技嘉 B860M AORUS ELITE WIFI6E ICE','Intel B860','1851腳位','M-ATX',6490,8),(126,'技嘉','技嘉 B860 EAGLE WIFI6E','Intel B860','1851腳位','ATX',5990,8),(127,'技嘉','技嘉 B860 GAMING X WIFI6E','Intel B860','1851腳位','ATX',6490,8),(128,'技嘉','技嘉 B860 AORUS ELITE WIFI7 ICE','Intel B860','1851腳位','ATX',7490,8),(129,'微星','微星 PRO B860M-A WIFI','Intel B860','1851腳位','M-ATX',5090,6),(130,'微星','微星 B860M GAMING PLUS WIFI','Intel B860','1851腳位','M-ATX',5690,6),(131,'微星','微星 MAG B860M MORTAR WIFI','Intel B860','1851腳位','M-ATX',6890,6),(132,'微星','微星 PRO B860-P','Intel B860','1851腳位','ATX',5490,6),(133,'微星','微星 PRO B860-P WIFI','Intel B860','1851腳位','ATX',5390,6),(134,'微星','微星 B860 GAMING PLUS WIFI','Intel B860','1851腳位','ATX',6390,6),(135,'微星','微星 MAG B860 TOMAHAWK WIFI','Intel B860','1851腳位','ATX',6890,6),(136,'華擎','華擎 B860I WiFi','Intel B860','1851腳位','MINI-ITX',7490,4),(137,'華擎','華擎 B860I Lightning WiFi','Intel B860','1851腳位','MINI-ITX',8190,4),(138,'華擎','華擎 B860M-H2','Intel B860','1851腳位','M-ATX',3990,4),(139,'華擎','華擎 B860M-X WiFi','Intel B860','1851腳位','M-ATX',4990,4),(140,'華擎','華擎 B860M Pro-A WiFi','Intel B860','1851腳位','M-ATX',5490,4),(141,'華擎','華擎 B860M Pro RS WiFi','Intel B860','1851腳位','M-ATX',5990,4),(142,'華擎','華擎 B860M Steel Legend WiFi','Intel B860','1851腳位','M-ATX',7490,4),(143,'華擎','華擎 B860 Pro-A WiFi','Intel B860','1851腳位','ATX',5990,4),(144,'華擎','華擎 B860 Steel Legend WiFi','Intel B860','1851腳位','ATX',8290,4),(145,'華碩','華碩 ROG STRIX Z890-I GAMING WIFI','Intel Z890','1851腳位','MINI-ITX',13990,7),(146,'華碩','華碩 PRIME Z890M-PLUS WIFI-CSM','Intel Z890','1851腳位','M-ATX',6790,7),(147,'華碩','華碩 PRIME Z890-P WIFI-CSM','Intel Z890','1851腳位','ATX',7990,7),(148,'華碩','華碩 Z890 AYW GAMING WIFI W','Intel Z890','1851腳位','ATX',8990,7),(149,'華碩','華碩 TUF GAMING Z890-PRO WIFI','Intel Z890','1851腳位','ATX',10990,7),(150,'華碩','華碩 ROG STRIX Z890-A GAMING WIFI','Intel Z890','1851腳位','ATX',12990,7),(151,'華碩','華碩 ROG STRIX Z890-F GAMING WIFI','Intel Z890','1851腳位','ATX',14990,7),(152,'華碩','華碩 ROG STRIX Z890-E GAMING WIFI','Intel Z890','1851腳位','ATX',16990,7),(153,'華碩','華碩 PROART Z890-CREATOR WIFI','Intel Z890','1851腳位','ATX',14990,7),(154,'華碩','華碩 ROG MAXIMUS Z890 APEX','Intel Z890','1851腳位','ATX',19990,7),(155,'華碩','華碩 ROG MAXIMUS Z890 HERO','Intel Z890','1851腳位','ATX',20990,7),(156,'華碩','華碩 ROG MAXIMUS Z890 HERO BTF','Intel Z890','1851腳位','ATX',20990,7),(157,'華碩','華碩 ROG MAXIMUS Z890 EXTREME','Intel Z890','1851腳位','E-ATX',34990,7),(158,'技嘉','技嘉 Z890I AORUS ULTRA','Intel Z890','1851腳位','MINI-ITX',11990,8),(159,'技嘉','技嘉 Z890 EAGLE WIFI7','Intel Z890','1851腳位','ATX',8290,8),(160,'技嘉','技嘉 Z890 GAMING X WIFI7','Intel Z890','1851腳位','ATX',9290,8),(161,'技嘉','技嘉 Z890 AORUS ELITE WIFI7','Intel Z890','1851腳位','ATX',9990,8),(162,'技嘉','技嘉 Z890 AORUS ELITE WIFI7 ICE 冰魄白','Intel Z890','1851腳位','ATX',9990,8),(163,'技嘉','技嘉 Z890 AERO G','Intel Z890','1851腳位','ATX',12990,8),(164,'技嘉','技嘉 Z890 AORUS PRO ICE 冰魄白','Intel Z890','1851腳位','ATX',13990,8),(165,'技嘉','技嘉 Z890 AORUS MASTER','Intel Z890','1851腳位','ATX',17990,8),(166,'技嘉','技嘉 Z890 AI TOP','Intel Z890','1851腳位','E-ATX',20990,8),(167,'技嘉','技嘉 Z890 AORUS TACHYON ICE','Intel Z890','1851腳位','E-ATX',24990,8),(168,'技嘉','技嘉 Z890 AORUS XTREME AI TOP','Intel Z890','1851腳位','E-ATX',34990,8),(169,'微星','微星 MPG Z890I EDGE TI WIFI','Intel Z890','1851腳位','MINI-ITX',11290,6),(170,'微星','微星 PRO Z890-S WIFI','Intel Z890','1851腳位','ATX',7590,6),(171,'微星','微星 PRO Z890-S WIFI WHITE','Intel Z890','1851腳位','ATX',7590,6),(172,'微星','微星 PRO Z890-P WIFI','Intel Z890','1851腳位','ATX',7990,6),(173,'微星','微星 PRO Z890-A WIFI','Intel Z890','1851腳位','ATX',9190,6),(174,'微星','微星 Z890 GAMING PLUS WIFI','Intel Z890','1851腳位','ATX',9490,6),(175,'微星','微星 MAG Z890 TOMAHAWK WIFI','Intel Z890','1851腳位','ATX',9990,6),(176,'微星','微星 MPG Z890 EDGE TI WIFI','Intel Z890','1851腳位','ATX',12490,6),(177,'微星','微星 MPG Z890 CARBON WIFI','Intel Z890','1851腳位','ATX',14690,6),(178,'微星','微星 MEG Z890 UNIFY-X','Intel Z890','1851腳位','ATX',18190,6),(179,'微星','微星 MEG Z890 ACE','Intel Z890','1851腳位','ATX',19490,6),(180,'微星','微星 MEG Z890 GODLIKE','Intel Z890','1851腳位','E-ATX',34900,6),(181,'華擎','華擎 Z890I Nova WiFi','Intel Z890','1851腳位','MINI-ITX',11990,4),(182,'華擎','華擎 Z890M Riptide WiFi','Intel Z890','1851腳位','M-ATX',9590,4),(183,'華擎','華擎 Z890 Pro-A','Intel Z890','1851腳位','ATX',7990,4),(184,'華擎','華擎 Z890 Pro-A WiFi','Intel Z890','1851腳位','ATX',8690,4),(185,'華擎','華擎 Z890 Pro RS WiFi','Intel Z890','1851腳位','ATX',9590,4),(186,'華擎','華擎 Z890 Pro RS WiFi White','Intel Z890','1851腳位','ATX',9890,4),(187,'華擎','華擎 Z890 Steel Legend WiFi','Intel Z890','1851腳位','ATX',10290,4),(188,'華擎','華擎 Z890 Riptide WiFi','Intel Z890','1851腳位','ATX',9790,4),(189,'華擎','華擎 Z890 Nova WiFi','Intel Z890','1851腳位','ATX',14590,4),(190,'華擎','華擎 Z890 Taichi Lite','Intel Z890','1851腳位','ATX',16990,4),(191,'華擎','華擎 Z890 Taichi','Intel Z890','1851腳位','ATX',17990,4),(192,'華碩','華碩 H81M-K','Intel H81','1150腳位','M-ATX',1990,7),(193,'技嘉','技嘉 H81M-DS2','Intel H81','1150腳位','M-ATX',1990,8),(194,'技嘉','技嘉 H81M-S2PH','Intel H81','1150腳位','M-ATX',2090,8),(195,'華碩','華碩 H110M-K【單片盒裝】','Intel H110','1151腳位','M-ATX',2490,7),(196,'華碩','華碩 PRIME H310M-K','Intel H110','1151腳位','M-ATX',2490,7),(197,'技嘉','技嘉 H110M-S2PH','Intel H110','1151腳位','M-ATX',2490,8),(198,'華碩','華碩 PRIME H510M-K','Intel H510','1200腳位','M-ATX',2790,7),(199,'微星','微星 PRO H510M-B II','Intel H510','1200腳位','M-ATX',1990,6),(200,'華擎','華擎 B450M-HDV R4.0','AMD B450','AM4腳位','M-ATX',1790,4),(201,'華碩','華碩 PRIME A520M-K/CSM','AMD A520','AM4腳位','M-ATX',1990,7),(202,'技嘉','技嘉 A520M K V2','AMD A520','AM4腳位','M-ATX',1990,8),(203,'微星','微星 A520M-A PRO','AMD A520','AM4腳位','M-ATX',1990,6),(204,'華擎','華擎 A520M-ITX/ac','AMD A520','AM4腳位','MINI-ITX',3390,4),(205,'華碩','華碩 PRIME B550M-K ARGB-CSM','AMD B550','AM4腳位','M-ATX',2590,7),(206,'華碩','華碩 PRIME B550M-K/CSM','AMD B550','AM4腳位','M-ATX',2790,7),(207,'華碩','華碩 PRIME B550M-A AC','AMD B550','AM4腳位','M-ATX',3190,7),(208,'華碩','華碩 TUF GAMING B550M-PLUS','AMD B550','AM4腳位','M-ATX',3290,7),(209,'技嘉','技嘉 B550M K','AMD B550','AM4腳位','M-ATX',2490,8),(210,'技嘉','技嘉 B550M DS3H AC','AMD B550','AM4腳位','M-ATX',3090,8),(211,'技嘉','技嘉 B550M AORUS ELITE','AMD B550','AM4腳位','M-ATX',3190,8),(212,'微星','微星 B550M-A PRO','AMD B550','AM4腳位','M-ATX',2390,6),(213,'微星','微星 B550M PRO-VDH','AMD B550','AM4腳位','M-ATX',2790,6),(214,'微星','微星 B550M PRO-VDH WIFI','AMD B550','AM4腳位','M-ATX',3190,6),(215,'華碩','華碩 PRIME A620M-K-CSM','AMD A620','AM5腳位','M-ATX',2690,7),(216,'華擎','華擎 A620I Lightning WIFI','AMD A620','AM5腳位','MINI-ITX',4790,4),(217,'華碩','華碩 ROG STRIX B650E-I GAMING WIFI','AMD B650E','AM5腳位','MINI-ITX',8990,7),(218,'華碩','華碩 PRIME B650M-F-CSM','AMD B650E','AM5腳位','M-ATX',2990,7),(219,'華碩','華碩 PRIME B650M-K-CSM','AMD B650E','AM5腳位','M-ATX',3090,7),(220,'華碩','華碩 B650M-AYW WIFI','AMD B650E','AM5腳位','M-ATX',3990,7),(221,'華碩','華碩 TUF GAMING B650M-E','AMD B650E','AM5腳位','M-ATX',3890,7),(222,'華碩','華碩 TUF GAMING B650M-E WIFI','AMD B650E','AM5腳位','M-ATX',4290,7),(223,'華碩','華碩 TUF GAMING B650M-PLUS','AMD B650E','AM5腳位','M-ATX',4190,7),(224,'華碩','華碩 TUF GAMING B650M-PLUS WIFI','AMD B650E','AM5腳位','M-ATX',4990,7),(225,'華碩','華碩 TUF GAMING B650-E WIFI','AMD B650E','AM5腳位','ATX',4990,7),(226,'華碩','華碩 TUF GAMING B650-PLUS WIFI','AMD B650E','AM5腳位','ATX',5790,7),(227,'華碩','華碩 ROG STRIX B650-A GAMING WIFI','AMD B650E','AM5腳位','ATX',5990,7),(228,'技嘉','技嘉 B650M H','AMD B650E','AM5腳位','M-ATX',2990,8),(229,'技嘉','技嘉 B650M GAMING WIFI','AMD B650E','AM5腳位','M-ATX',3490,8),(230,'技嘉','技嘉 B650M GAMING X AX','AMD B650E','AM5腳位','M-ATX',3990,8),(231,'技嘉','技嘉 B650M AORUS ELITE AX ICE','AMD B650E','AM5腳位','M-ATX',5490,8),(232,'技嘉','技嘉 B650 EAGLE AX','AMD B650E','AM5腳位','ATX',4490,8),(233,'技嘉','技嘉 B650 AORUS ELITE AX V2','AMD B650E','AM5腳位','ATX',5490,8),(234,'技嘉','技嘉 B650E AORUS ELITE X AX ICE 冰魄白','AMD B650E','AM5腳位','ATX',6990,8),(235,'技嘉','技嘉 B650E AORUS STEALTH ICE','AMD B650E','AM5腳位','ATX',6990,8),(236,'微星','微星 MPG B650I EDGE WIFI','AMD B650E','AM5腳位','MINI-ITX',6790,6),(237,'微星','微星 PRO B650M-P','AMD B650E','AM5腳位','M-ATX',3490,6),(238,'微星','微星 PRO B650M-B','AMD B650E','AM5腳位','M-ATX',3190,6),(239,'微星','微星 B650M GAMING WIFI','AMD B650E','AM5腳位','M-ATX',3690,6),(240,'微星','微星 B650M GAMING PLUS WIFI','AMD B650E','AM5腳位','M-ATX',4390,6),(241,'微星','微星 PRO B650M-A WIFI','AMD B650E','AM5腳位','M-ATX',3990,6),(242,'微星','微星 MAG B650M MORTAR WIFI','AMD B650E','AM5腳位','M-ATX',4790,6),(243,'微星','微星 B650M PROJECT ZERO 背插','AMD B650E','AM5腳位','M-ATX',4990,6),(244,'微星','微星 PRO B650-S WIFI','AMD B650E','AM5腳位','ATX',3990,6),(245,'微星','微星 B650 GAMING PLUS WIFI','AMD B650E','AM5腳位','ATX',4490,6),(246,'微星','微星 MAG B650 TOMAHAWK WIFI','AMD B650E','AM5腳位','ATX',6790,6),(247,'微星','微星 MPG B650 EDGE WIFI','AMD B650E','AM5腳位','ATX',6790,6),(248,'華擎','華擎 B650M-H/M.2+ WiFi','AMD B650E','AM5腳位','M-ATX',3490,4),(249,'華擎','華擎 B650M Pro RS','AMD B650E','AM5腳位','M-ATX',3990,4),(250,'華擎','華擎 B650M PG Riptide WiFi White','AMD B650E','AM5腳位','ATX',5490,4),(251,'微星','微星 X670E GAMING PLUS WIFI','AMD X670E','AM5腳位','ATX',6590,6),(252,'華碩','華碩 PRIME B840M-A-CSM','AMD B840','AM5腳位','M-ATX',3490,7),(253,'華碩','華碩 PRIME B840M-A WIFI-CSM','AMD B840','AM5腳位','M-ATX',3990,7),(254,'華碩','華碩 PRIME B840-PLUS WIFI-CSM','AMD B840','AM5腳位','ATX',4290,7),(255,'微星','微星 PRO B840-P WIFI','AMD B840','AM5腳位','ATX',4590,6),(256,'微星','微星 B840 GAMING PLUS WIFI','AMD B840','AM5腳位','ATX',4990,6),(257,'華碩','華碩 ROG STRIX B850-I GAMING WIFI','AMD B850','AM5腳位','MINI-ITX',9290,7),(258,'華碩','華碩 B850M AYW GAMING WIFI','AMD B850','AM5腳位','M-ATX',4990,7),(259,'華碩','華碩 TUF GAMING B850M-PLUS','AMD B850','AM5腳位','M-ATX',5490,7),(260,'華碩','華碩 TUF GAMING B850M-PLUS WIFI','AMD B850','AM5腳位','M-ATX',5990,7),(261,'華碩','華碩 B850 MAX GAMING WIFI W','AMD B850','AM5腳位','ATX',5490,7),(262,'華碩','華碩 TUF GAMING B850-E WIFI','AMD B850','AM5腳位','ATX',5990,7),(263,'華碩','華碩 TUF GAMING B850-PLUS WIFI','AMD B850','AM5腳位','ATX',6490,7),(264,'華碩','華碩 TUF GAMING B850-BTF WIFI W背插','AMD B850','AM5腳位','ATX',7990,7),(265,'華碩','華碩 ROG STRIX B850-A GAMING WIFI','AMD B850','AM5腳位','ATX',7990,7),(266,'華碩','華碩 ROG STRIX B850-F GAMING WIFI','AMD B850','AM5腳位','ATX',8990,7),(267,'技嘉','技嘉 B850M DS3H','AMD B850','AM5腳位','M-ATX',4990,8),(268,'技嘉','技嘉 B850M DS3H ICE','AMD B850','AM5腳位','M-ATX',4990,8),(269,'技嘉','技嘉 B850M GAMING X WIFI6E','AMD B850','AM5腳位','M-ATX',5990,8),(270,'技嘉','技嘉 B850M AORUS ELITE WIFI6E ICE','AMD B850','AM5腳位','M-ATX',6490,8),(271,'技嘉','技嘉 B850 EAGLE WIFI6E','AMD B850','AM5腳位','ATX',5990,8),(272,'技嘉','技嘉 B850 GAMING X WIFI6E','AMD B850','AM5腳位','ATX',6990,8),(273,'技嘉','技嘉 B850 AORUS ELITE WIFI7','AMD B850','AM5腳位','ATX',7990,8),(274,'技嘉','技嘉 B850 AORUS ELITE WIFI7 ICE','AMD B850','AM5腳位','ATX',7990,8),(275,'技嘉','技嘉 B850 AI TOP','AMD B850','AM5腳位','ATX',12990,8),(276,'微星','微星 MAG B850M MORTAR','AMD B850','AM5腳位','M-ATX',6290,6),(277,'微星','微星 MAG B850M MORTAR WIFI','AMD B850','AM5腳位','M-ATX',6790,6),(278,'微星','微星 PRO B850-P WIFI','AMD B850','AM5腳位','ATX',5790,6),(279,'微星','微星 B850 GAMING PLUS WIFI','AMD B850','AM5腳位','ATX',6290,6),(280,'微星','微星 MAG B850 TOMAHAWK MAX WIFI','AMD B850','AM5腳位','ATX',7990,6),(281,'微星','微星 MPG B850 EDGE TI WIFI','AMD B850','AM5腳位','ATX',8490,6),(282,'華擎','華擎 B850I LIGHTNING WIFI','AMD B850','AM5腳位','MINI-ITX',7890,4),(283,'華擎','華擎 B850M-X','AMD B850','AM5腳位','M-ATX',3990,4),(284,'華擎','華擎 B850M-X WIFI','AMD B850','AM5腳位','M-ATX',4490,4),(285,'華擎','華擎 B850M Pro-A','AMD B850','AM5腳位','M-ATX',4890,4),(286,'華擎','華擎 B850M Pro-A WiFi','AMD B850','AM5腳位','M-ATX',5390,4),(287,'華擎','華擎 B850M Pro RS','AMD B850','AM5腳位','M-ATX',5590,4),(288,'華擎','華擎 B850M Pro RS WIFI','AMD B850','AM5腳位','M-ATX',5990,4),(289,'華擎','華擎 B850M Steel Legend WiFi','AMD B850','AM5腳位','M-ATX',6490,4),(290,'華擎','華擎 B850M Riptide WiFi','AMD B850','AM5腳位','M-ATX',6990,4),(291,'華擎','華擎 B850 PRO-A','AMD B850','AM5腳位','ATX',5990,4),(292,'華擎','華擎 B850 Pro RS','AMD B850','AM5腳位','ATX',6490,4),(293,'華碩','華碩 ROG STRIX X870-I GAMING WIFI','AMD X870E','AM5腳位','MINI-ITX',13990,7),(294,'華碩','華碩 PRIME X870-P-CSM','AMD X870E','AM5腳位','ATX',6690,7),(295,'華碩','華碩 PRIME X870-P WIFI-CSM','AMD X870E','AM5腳位','ATX',7590,7),(296,'華碩','華碩 X870 AYW GAMING WIFI W','AMD X870E','AM5腳位','ATX',7990,7),(297,'華碩','華碩 X870 MAX GAMING WIFI7 W','AMD X870E','AM5腳位','ATX',8490,7),(298,'華碩','華碩 TUF GAMING X870-PLUS WIFI','AMD X870E','AM5腳位','ATX',9990,7),(299,'華碩','華碩 PROART X870E-CREATOR WIFI','AMD X870E','AM5腳位','ATX',14990,7),(300,'華碩','華碩 ROG STRIX X870-A GAMING WIFI','AMD X870E','AM5腳位','ATX',12990,7),(301,'華碩','華碩 ROG STRIX X870E-E GAMING WIFI','AMD X870E','AM5腳位','ATX',16990,7),(302,'華碩','華碩 ROG CROSSHAIR X870E HERO','AMD X870E','AM5腳位','ATX',20990,7),(303,'技嘉','技嘉 X870I AORUS PRO ICE','AMD X870E','AM5腳位','MINI-ITX',10990,8),(304,'技嘉','技嘉 X870 EAGLE WIFI7','AMD X870E','AM5腳位','ATX',7390,8),(305,'技嘉','技嘉 X870 GAMING X WIFI7','AMD X870E','AM5腳位','ATX',9490,8),(306,'技嘉','技嘉 X870 AORUS ELITE WIFI7','AMD X870E','AM5腳位','ATX',10490,8),(307,'技嘉','技嘉 X870 AORUS ELITE WIFI7 ICE','AMD X870E','AM5腳位','ATX',10490,8),(308,'技嘉','技嘉 X870E AORUS PRO','AMD X870E','AM5腳位','ATX',11990,8),(309,'技嘉','技嘉 X870E AORUS PRO ICE','AMD X870E','AM5腳位','ATX',12990,8),(310,'技嘉','技嘉 X870E AORUS MASTER','AMD X870E','AM5腳位','ATX',20490,8),(311,'技嘉','技嘉 X870E AORUS XTREME AI TOP','AMD X870E','AM5腳位','E-ATX',24990,8),(312,'微星','微星 PRO X870-P WIFI','AMD X870E','AM5腳位','ATX',8490,6),(313,'微星','微星 X870 GAMING PLUS WIFI','AMD X870E','AM5腳位','ATX',8690,6),(314,'微星','微星 MAG X870 TOMAHAWK WIFI','AMD X870E','AM5腳位','ATX',10890,6),(315,'微星','微星 MAG X870E TOMAHAWK WIFI','AMD X870E','AM5腳位','ATX',11890,6),(316,'微星','微星 MPG X870E EDGE TI WIFI','AMD X870E','AM5腳位','ATX',12990,6),(317,'微星','微星 MPG X870E CARBON WIFI','AMD X870E','AM5腳位','ATX',14990,6),(318,'微星','微星 MEG X870E GODLIKE','AMD X870E','AM5腳位','E-ATX',31990,6),(319,'華擎','華擎 X870 Pro RS','AMD X870E','AM5腳位','ATX',6990,4),(320,'華擎','華擎 X870 Pro RS WiFi','AMD X870E','AM5腳位','ATX',7990,4),(321,'華擎','華擎 X870 Steel Legend WiFi','AMD X870E','AM5腳位','ATX',8990,4),(322,'華擎','華擎 X870E Nova WiFi','AMD X870E','AM5腳位','ATX',12990,4),(323,'華擎','華擎 X870E Taichi Lite','AMD X870E','AM5腳位','ATX',14990,4),(324,'華擎','華擎 X870E Taichi','AMD X870E','AM5腳位','ATX',17990,4);
/*!40000 ALTER TABLE `mb_table` ENABLE KEYS */;
UNLOCK TABLES;

--
-- Table structure for table `member`
--

DROP TABLE IF EXISTS `member`;
/*!40101 SET @saved_cs_client     = @@character_set_client */;
/*!50503 SET character_set_client = utf8mb4 */;
CREATE TABLE `member` (
  `id` bigint NOT NULL AUTO_INCREMENT,
  `member_name` varchar(255) NOT NULL,
  `member_email` varchar(255) NOT NULL,
  `member_password` varchar(255) NOT NULL,
  `member_hash_password` varchar(255) NOT NULL,
  `member_img` mediumblob,
  PRIMARY KEY (`id`)
) ENGINE=InnoDB AUTO_INCREMENT=3 DEFAULT CHARSET=utf8mb4 COLLATE=utf8mb4_0900_ai_ci;
/*!40101 SET character_set_client = @saved_cs_client */;

--
-- Dumping data for table `member`
--

LOCK TABLES `member` WRITE;
/*!40000 ALTER TABLE `member` DISABLE KEYS */;
INSERT INTO `member` VALUES (1,'aaa','aaa@gmail.com','aaa','$2b$12$RjmBJl5W4AvWUnVJOJJ74uKaNV1W9iVT0bO8wSSgpBNiGielIBCIi',NULL),(2,'小明','bbb@gmail.com','bbb','$2b$12$N3j0tFozsPOigoltBkvRB.NE8Sp6.8HgJs14Xs/KwjmMSmTawvMae',NULL);
/*!40000 ALTER TABLE `member` ENABLE KEYS */;
UNLOCK TABLES;

--
-- Table structure for table `message_response_table`
--

DROP TABLE IF EXISTS `message_response_table`;
/*!40101 SET @saved_cs_client     = @@character_set_client */;
/*!50503 SET character_set_client = utf8mb4 */;
CREATE TABLE `message_response_table` (
  `id` int unsigned NOT NULL AUTO_INCREMENT,
  `user_id` bigint NOT NULL,
  `message_id` int unsigned NOT NULL,
  `resoponse` text NOT NULL,
  `create_at` datetime DEFAULT CURRENT_TIMESTAMP,
  PRIMARY KEY (`id`),
  KEY `user_id` (`user_id`),
  KEY `message_id` (`message_id`),
  CONSTRAINT `message_response_table_ibfk_1` FOREIGN KEY (`user_id`) REFERENCES `member` (`id`),
  CONSTRAINT `message_response_table_ibfk_2` FOREIGN KEY (`message_id`) REFERENCES `message_table` (`id`)
) ENGINE=InnoDB AUTO_INCREMENT=5 DEFAULT CHARSET=utf8mb4 COLLATE=utf8mb4_0900_ai_ci;
/*!40101 SET character_set_client = @saved_cs_client */;

--
-- Dumping data for table `message_response_table`
--

LOCK TABLES `message_response_table` WRITE;
/*!40000 ALTER TABLE `message_response_table` DISABLE KEYS */;
INSERT INTO `message_response_table` VALUES (3,1,6,'您好，這個主要看地區的哦','2025-06-11 04:36:24'),(4,2,3,'嗨嗨','2025-06-11 05:53:15');
/*!40000 ALTER TABLE `message_response_table` ENABLE KEYS */;
UNLOCK TABLES;

--
-- Table structure for table `message_table`
--

DROP TABLE IF EXISTS `message_table`;
/*!40101 SET @saved_cs_client     = @@character_set_client */;
/*!50503 SET character_set_client = utf8mb4 */;
CREATE TABLE `message_table` (
  `id` int unsigned NOT NULL AUTO_INCREMENT,
  `user_id` bigint NOT NULL,
  `message` text NOT NULL,
  `create_at` datetime DEFAULT CURRENT_TIMESTAMP,
  `title` text,
  PRIMARY KEY (`id`),
  KEY `user_id` (`user_id`),
  CONSTRAINT `message_table_ibfk_1` FOREIGN KEY (`user_id`) REFERENCES `member` (`id`)
) ENGINE=InnoDB AUTO_INCREMENT=9 DEFAULT CHARSET=utf8mb4 COLLATE=utf8mb4_0900_ai_ci;
/*!40101 SET character_set_client = @saved_cs_client */;

--
-- Dumping data for table `message_table`
--

LOCK TABLES `message_table` WRITE;
/*!40000 ALTER TABLE `message_table` DISABLE KEYS */;
INSERT INTO `message_table` VALUES (3,1,'這是測試','2025-06-11 03:36:12','aaa test001'),(6,2,'想要詢問RTX5090是不是有不同的通路差異','2025-06-11 04:34:48','我是小明 我想要詢問RTX5090');
/*!40000 ALTER TABLE `message_table` ENABLE KEYS */;
UNLOCK TABLES;

--
-- Table structure for table `order_detail_table`
--

DROP TABLE IF EXISTS `order_detail_table`;
/*!40101 SET @saved_cs_client     = @@character_set_client */;
/*!50503 SET character_set_client = utf8mb4 */;
CREATE TABLE `order_detail_table` (
  `id` int unsigned NOT NULL AUTO_INCREMENT,
  `order_id` int unsigned DEFAULT NULL,
  `component_type` varchar(50) DEFAULT NULL,
  `component_id` int unsigned DEFAULT NULL,
  `quantity` int unsigned DEFAULT '1',
  PRIMARY KEY (`id`),
  KEY `fk_order_id` (`order_id`),
  CONSTRAINT `fk_order_id` FOREIGN KEY (`order_id`) REFERENCES `order_table` (`id`) ON DELETE CASCADE
) ENGINE=InnoDB AUTO_INCREMENT=224 DEFAULT CHARSET=utf8mb4 COLLATE=utf8mb4_0900_ai_ci;
/*!40101 SET character_set_client = @saved_cs_client */;

--
-- Dumping data for table `order_detail_table`
--

LOCK TABLES `order_detail_table` WRITE;
/*!40000 ALTER TABLE `order_detail_table` DISABLE KEYS */;
INSERT INTO `order_detail_table` VALUES (64,4,'cpu',1,1),(65,4,'cpu',2,1),(66,4,'cpu',4,1),(67,4,'cpu',5,1),(68,4,'PSU',1,1),(69,4,'PSU',2,1),(70,4,'PSU',3,1),(118,9,'cpu',1,1),(119,9,'gpu',48,1),(120,9,'mb',33,2),(121,9,'ram',11,1),(122,9,'PSU',1,1),(123,9,'storage',1,1),(124,9,'cooler',1,1),(125,9,'case',2,1),(126,10,'CPU',1,1),(127,10,'GPU',48,1),(128,10,'MB',33,2),(129,10,'RAM',11,1),(130,10,'PSU',1,1),(131,10,'STORAGE',1,1),(132,10,'COOLER',1,1),(133,10,'CASE',2,1),(134,12,'CPU',1,1),(135,12,'GPU',13,1),(136,12,'GPU',16,1),(137,12,'COOLER',2,1),(138,12,'STORAGE',2,1),(139,12,'CASE',4,1),(140,12,'MB',3,1),(141,13,'CPU',1,1),(142,13,'COOLER',2,1),(143,13,'MB',3,1),(216,25,'CPU',1,3),(217,25,'GPU',13,1),(218,25,'GPU',16,1),(219,25,'COOLER',2,1),(220,25,'PSU',2,1),(221,25,'STORAGE',2,1),(222,25,'CASE',4,1),(223,25,'MB',3,1);
/*!40000 ALTER TABLE `order_detail_table` ENABLE KEYS */;
UNLOCK TABLES;

--
-- Table structure for table `order_table`
--

DROP TABLE IF EXISTS `order_table`;
/*!40101 SET @saved_cs_client     = @@character_set_client */;
/*!50503 SET character_set_client = utf8mb4 */;
CREATE TABLE `order_table` (
  `id` int unsigned NOT NULL AUTO_INCREMENT,
  `user_id` int unsigned DEFAULT NULL,
  `order_name` varchar(255) DEFAULT NULL,
  `total_price` int DEFAULT NULL,
  `created_at` datetime DEFAULT CURRENT_TIMESTAMP,
  PRIMARY KEY (`id`)
) ENGINE=InnoDB AUTO_INCREMENT=26 DEFAULT CHARSET=utf8mb4 COLLATE=utf8mb4_0900_ai_ci;
/*!40101 SET character_set_client = @saved_cs_client */;

--
-- Dumping data for table `order_table`
--

LOCK TABLES `order_table` WRITE;
/*!40000 ALTER TABLE `order_table` DISABLE KEYS */;
INSERT INTO `order_table` VALUES (4,1,'我的配單aaa',0,'2025-05-31 16:52:24'),(9,2,'小明的主機',0,'2025-06-11 05:45:05'),(10,2,'小明的主機',0,'2025-06-11 05:47:23'),(12,1,'我的配單00334',0,'2025-06-18 15:42:10'),(13,1,'我的配單00333',0,'2025-06-18 15:42:32'),(25,1,'我的頂級主機',0,'2025-06-20 04:27:56');
/*!40000 ALTER TABLE `order_table` ENABLE KEYS */;
UNLOCK TABLES;

--
-- Table structure for table `psu_table`
--

DROP TABLE IF EXISTS `psu_table`;
/*!40101 SET @saved_cs_client     = @@character_set_client */;
/*!50503 SET character_set_client = utf8mb4 */;
CREATE TABLE `psu_table` (
  `id` int unsigned NOT NULL AUTO_INCREMENT,
  `brand` varchar(255) NOT NULL,
  `name` varchar(255) NOT NULL,
  `model` varchar(50) DEFAULT NULL,
  `wattage` int unsigned DEFAULT NULL,
  `form` varchar(50) DEFAULT NULL,
  `modular` tinyint DEFAULT NULL,
  `price` int unsigned DEFAULT NULL,
  `brand_id` int DEFAULT NULL,
  PRIMARY KEY (`id`),
  KEY `fk_psu_brand` (`brand_id`),
  CONSTRAINT `fk_psu_brand` FOREIGN KEY (`brand_id`) REFERENCES `brand_table` (`id`)
) ENGINE=InnoDB AUTO_INCREMENT=89 DEFAULT CHARSET=utf8mb4 COLLATE=utf8mb4_0900_ai_ci;
/*!40101 SET character_set_client = @saved_cs_client */;

--
-- Dumping data for table `psu_table`
--

LOCK TABLES `psu_table` WRITE;
/*!40000 ALTER TABLE `psu_table` DISABLE KEYS */;
INSERT INTO `psu_table` VALUES (1,'華碩','華碩 ROG STRIX 750W AURA 雙8/金牌/全模組/ATX3.0','ROG',750,'ATX',2,5790,7),(2,'華碩','華碩 ROG STRIX 850W AURA 雙8/金牌/全模組/ATX3.0','ROG',850,'ATX',2,6290,7),(3,'華碩','華碩 ROG LOKI 750W 雙8/白金/ATX3.0','ROG',750,'SFX',0,5990,7),(4,'華碩','華碩 ROG LOKI 850W 雙8/白金/ATX3.0','ROG',850,'SFX',0,6990,7),(5,'華碩','華碩 ROG LOKI 850W 白色版 雙8/白金/ATX3.0','ROG',850,'SFX',0,7490,7),(6,'華碩','華碩 ROG LOKI 1000W 雙8/白金/ATX3.0','ROG',1000,'SFX',0,8490,7),(7,'華碩','華碩 ROG LOKI 1200W 雙8/鈦金/ATX3.1','ROG',1200,'SFX',0,9990,7),(8,'酷碼','酷碼 V SFX GOLD 850W ATX3.1 黑色 雙8/金牌/全模組','SFX',850,'SFX',2,4890,34),(9,'酷碼','酷碼 V SFX GOLD 850W ATX3.1 白色 雙8/金牌/全模組','SFX',850,'SFX',2,4890,34),(10,'酷碼','酷碼 V SFX Platinum 1100W 雙8/白金/全模組/ATX3.0','SFX',1100,'SFX',2,7990,34),(11,'華碩','華碩 PRIME 550W 銅牌/直出線/雙滾珠風扇/壓紋線材/6年保','PRIME',550,'ATX',0,1990,7),(12,'華碩','華碩 PRIME 650W 銅牌/直出線/雙滾珠風扇/壓紋線材/6年保','PRIME',650,'ATX',0,2190,7),(13,'華碩','華碩 PRIME 750W 雙8/銅牌/直出線/雙滾珠風扇/壓紋線材/6年保','PRIME',750,'ATX',0,2590,7),(14,'華碩','華碩 PRIME 750W Gold 雙8/金牌/全模組/ATX3.0','PRIME',750,'ATX',2,3290,7),(15,'華碩','華碩 PRIME 850W Gold 雙8/金牌/全模組/ATX3.0','PRIME',850,'ATX',2,3690,7),(16,'華碩','華碩 TUF GAMING 550W 銅牌/直出線/雙滾珠風扇/智慧停轉/防潮塗層/6年保▼下殺到 5/31 21:00','TUF',550,'ATX',0,2190,7),(17,'華碩','華碩 TUF GAMING 650W 銅牌/直出線/雙滾珠風扇/智慧停轉/防潮塗層/6年保','TUF',650,'ATX',0,2490,7),(18,'華碩','華碩 TUF GAMING 750W 雙8/銅牌/直出線/雙滾珠風扇/智慧停轉/防潮塗層/6年保','TUF',750,'ATX',0,2790,7),(19,'華碩','華碩 TUF GAMING 750W Gold 雙8/金牌/全模組/ATX3.0','TUF',750,'ATX',2,3790,7),(20,'華碩','華碩 TUF GAMING 850W Gold 雙8/金牌/全模組/ATX3.0','TUF',850,'ATX',2,4290,7),(21,'華碩','華碩 TUF GAMING 1000W Gold 雙8/金牌/全模組/ATX3.0','TUF',1000,'ATX',2,5290,7),(22,'華碩','華碩 TUF GAMING 1000W Gold 白色版 雙8/金牌/全模組/ATX3.0','TUF',1000,'ATX',2,5390,7),(23,'華碩','華碩 TUF GAMING 1200W Gold 雙8/金牌/全模組/ATX3.0','TUF',1200,'ATX',2,5990,7),(24,'華碩','華碩 ROG STRIX 750W AURA 雙8/金牌/全模組/ATX3.0','ROG',750,'ATX',2,5790,7),(25,'華碩','華碩 ROG STRIX 850W AURA 雙8/金牌/全模組/ATX3.0','ROG',850,'ATX',2,6290,7),(26,'華碩','華碩 ROG STRIX 850W 雙8/白金/全模組/ATX3.1','ROG',850,'ATX',2,5990,7),(27,'華碩','華碩 ROG STRIX 1000W 雙8/白金/全模組/ATX3.1','ROG',1000,'ATX',2,6990,7),(28,'華碩','華碩 ROG STRIX 1000W 白色版 雙8/白金/全模組/ATX3.1','ROG',1000,'ATX',2,7390,7),(29,'華碩','華碩 ROG STRIX 1200W 雙8/白金/全模組/ATX3.1','ROG',1200,'ATX',2,7990,7),(30,'華碩','華碩 ROG THOR III 1000W 雙8/白金/全模組/OLED監控/ATX3.1','ROG',1000,'ATX',2,12490,7),(31,'華碩','華碩 ROG THOR III 1200W 雙8/白金/全模組/OLED監控/ATX3.1','ROG',1200,'ATX',2,13990,7),(32,'華碩','華碩 ROG THOR III 1600W 雙8/鈦金/全模組/OLED監控/ATX3.1','ROG',1600,'ATX',2,23990,7),(33,'酷碼','酷碼 MWE BRONZE V2 450W 銅牌/DC-DC+LLC/5年保/2020年版','MWE',450,'ATX',0,1490,34),(34,'酷碼','酷碼 MWE BRONZE V2 550W 銅牌/DC-DC+LLC/5年保/2020年版','MWE',550,'ATX',0,1690,34),(35,'酷碼','酷碼 MWE BRONZE V2 雙8/650W 銅牌/DC-DC+LLC/5年保/2020年版','MWE',650,'ATX',0,1990,34),(36,'酷碼','酷碼 G GOLD V2 650W 雙8/金牌/直出線/ATX3.1/5年','GOLD',650,'ATX',0,2090,34),(37,'酷碼','酷碼 MWE GOLD V3 750W 黑色 雙8/金牌/直出線/ATX3.1','MWE',750,'ATX',0,2290,34),(38,'酷碼','酷碼 MWE GOLD V3 750W 白色 雙8/金牌/直出線/ATX3.1','MWE',750,'ATX',0,2290,34),(39,'酷碼','酷碼 MWE GOLD V3 850W 黑色 雙8/金牌/直出線/ATX3.1','MWE',850,'ATX',0,2490,34),(40,'酷碼','酷碼 MWE GOLD V3 850W 白色 雙8/金牌/直出線/ATX3.1','MWE',850,'ATX',0,2490,34),(41,'酷碼','酷碼 GX II GOLD 750W 雙8/金牌/全模組/ATX3.1','GOLD',750,'ATX',2,3190,34),(42,'酷碼','酷碼 GX II GOLD 850W 雙8/金牌/全模組/ATX3.1','GOLD',850,'ATX',2,3490,34),(43,'酷碼','酷碼 GX III GOLD 1050W 雙8/金牌/全模組/ATX3.0','III',1050,'ATX',2,4990,34),(44,'酷碼','酷碼 GX III GOLD 1250W 雙8/金牌/全模組/ATX3.0','III',1250,'ATX',2,5990,34),(45,'Antec','Antec CSK550','CSK550',550,'ATX',0,1690,32),(46,'Antec','Antec CSK650','CSK650',650,'ATX',0,1990,32),(47,'Antec','Antec CSK750H','CSK750H',750,'ATX',1,2290,32),(48,'Antec','Antec GSK 750W 雙8/金牌/全模/ATX3.1','GSK',750,'ATX',2,3190,32),(49,'Antec','Antec GSK 850W 雙8/金牌/全模/ATX3.1','GSK',850,'ATX',2,3690,32),(50,'Antec','Antec GSK 850W 白色 雙8/金牌/全模/ATX3.1','GSK',850,'ATX',2,3890,32),(51,'Antec','Antec NE650GM','NE650GM',650,'ATX',2,2490,32),(52,'Antec','Antec NE750GM','NE750GM',750,'ATX',2,2990,32),(53,'Antec','Antec NE850GM','NE850GM',850,'ATX',2,3290,32),(54,'Antec','Antec NE850GM','NE850GM',850,'ATX',2,3390,32),(55,'Antec','Antec NE1000G M ATX3.0','NE1000G',1000,'ATX',2,4790,32),(56,'Antec','Antec NE1000G M ATX3.0','NE1000G',1000,'ATX',2,4890,32),(57,'Antec','Antec NE1300G M ATX3.0','NE1300G',1300,'ATX',2,5790,32),(58,'Antec','Antec HCG850','HCG850',850,'ATX',2,4090,32),(59,'Antec','Antec HCG1000','HCG1000',1000,'ATX',2,3990,32),(60,'Antec','Antec Signature 1000W 雙8/白金/全模/全日系/可串接設計/10年保 送12+4pin模組線！','1000W',1000,'ATX',2,4690,32),(61,'Antec','Antec Signature 1300W 雙8/白金/全模/全日系/可串接設計/10年保 送12+4pin模組線！','1300W',1300,'ATX',2,8990,32),(62,'Antec','Antec Signature 1000W 雙8/鈦金/全模/全日系/可串接設計/10年保 送12+4pin模組線！','1000W',1000,'ATX',2,9390,32),(63,'微星','微星 MAG A550BN 550W 銅牌/DC-DC/5年保','MAG',550,'ATX',0,1790,6),(64,'微星','微星 MAG A650BN 650W 銅牌/DC-DC/5年保','MAG',650,'ATX',0,1990,6),(65,'微星','微星 MAG A650BNL WHITE 650W','MAG',650,'ATX',0,2090,6),(66,'微星','微星 MAG A750BN PCIE5 750W 雙8/銅牌/ATX3.0/5年保','MAG',750,'ATX',0,2290,6),(67,'微星','微星 MAG A650GL 650W 雙8/金牌/全模組/DC-DC/7年保','MAG',650,'ATX',2,3090,6),(68,'微星','微星 MAG A750GL PCIE5 750W 雙8/金牌/全模組/ATX3.0/7年保▼下殺到 6/1 21:00','MAG',750,'ATX',2,3290,6),(69,'微星','微星 MAG A850GL PCIE5 850W 雙8/金牌/全模組/ATX3.0/7年保▼下殺到 6/1 21:00','MAG',850,'ATX',2,3690,6),(70,'微星','微星 MAG A850GL PCIE5 WHITE 850W','MAG',850,'ATX',2,3790,6),(71,'微星','微星 MAG A1250GL PCIE5 1250W 雙8/金牌/全模組/ATX3.1/7年保▼下殺到 6/1 21:00','MAG',1250,'ATX',2,6490,6),(72,'微星','微星 MPG A850G PCIE5 850W 雙8/金牌/全模組/ATX3.0/溫控風扇/全日系/10年保▼下殺到 6/1 21:00','MPG',850,'ATX',2,4590,6),(73,'微星','微星 MPG A850GS PCIE5 850W 雙8/金牌/全模組/ATX3.1','MPG',850,'ATX',2,4090,6),(74,'微星','微星 MPG A1000G PCIE5 1000W 雙8/金牌/全模組/ATX3.0/溫控風扇/全日系/10年保▼下殺到 6/1 21:00','MPG',1000,'ATX',2,5290,6),(75,'微星','微星 MPG A1000GS PCIE5 1000W 雙8/金牌/全模組/ATX3.1','MPG',1000,'ATX',2,5190,6),(76,'微星','微星 MPG A1250GS PCIE5 1250W 雙8/金牌/全模組/ATX3.1','MPG',1250,'ATX',2,6290,6),(77,'微星','微星 MEG Ai1300P PCIE5 1300W 雙8/白金/全模組/ATX3.0/軟體監控/全日系/10年保','MEG',1300,'ATX',2,10990,6),(78,'微星','微星 MEG Ai1600T PCIE5 1600W 雙8/鈦金/全模組/ATX3.1/軟體監控/全日系/10年保','MEG',1600,'ATX',2,23990,6),(79,'技嘉','技嘉 GP-P550B','GP-P550B',550,'ATX',0,1690,8),(80,'技嘉','技嘉 GP-P650G','GP-P650G',650,'ATX',0,2690,8),(81,'技嘉','技嘉 GP-UD750GM','GP-UD750GM',750,'ATX',2,3190,8),(82,'技嘉','技嘉 GP-UD750GM PG5','GP-UD750GM',750,'ATX',2,3490,8),(83,'技嘉','技嘉 GP-UD850GM PG5','GP-UD850GM',850,'ATX',2,4590,8),(84,'技嘉','技嘉 GP-UD850GM PG5W','GP-UD850GM',850,'ATX',2,4790,8),(85,'技嘉','技嘉 GP-UD1000GM PG5 2.0','GP-UD1000GM',1000,'ATX',2,6490,8),(86,'技嘉','技嘉 GP-UD1300GM PG5','GP-UD1300GM',1300,'ATX',2,6990,8),(87,'技嘉','技嘉 AORUS ELITE 1000W 雙8/白金/全模組/ATX3.0','AORUS',1000,'ATX',2,6990,8),(88,'技嘉','技嘉 AORUS ELITE 1000W ICE','AORUS',1000,'ATX',2,6490,8);
/*!40000 ALTER TABLE `psu_table` ENABLE KEYS */;
UNLOCK TABLES;

--
-- Table structure for table `ram_table`
--

DROP TABLE IF EXISTS `ram_table`;
/*!40101 SET @saved_cs_client     = @@character_set_client */;
/*!50503 SET character_set_client = utf8mb4 */;
CREATE TABLE `ram_table` (
  `id` int unsigned NOT NULL AUTO_INCREMENT,
  `brand` varchar(255) NOT NULL,
  `name` varchar(100) NOT NULL,
  `clock` int unsigned DEFAULT NULL,
  `type` varchar(255) DEFAULT NULL,
  `capacity` varchar(255) DEFAULT NULL,
  `dual_channel` int unsigned DEFAULT NULL,
  `price` int unsigned DEFAULT NULL,
  `brand_id` int DEFAULT NULL,
  PRIMARY KEY (`id`),
  KEY `fk_ram_brand` (`brand_id`),
  CONSTRAINT `fk_ram_brand` FOREIGN KEY (`brand_id`) REFERENCES `brand_table` (`id`)
) ENGINE=InnoDB AUTO_INCREMENT=394 DEFAULT CHARSET=utf8mb4 COLLATE=utf8mb4_0900_ai_ci;
/*!40101 SET character_set_client = @saved_cs_client */;

--
-- Dumping data for table `ram_table`
--

LOCK TABLES `ram_table` WRITE;
/*!40000 ALTER TABLE `ram_table` DISABLE KEYS */;
INSERT INTO `ram_table` VALUES (10,'威剛','威剛 單條8GB DDR5-4800/CL40',4800,'DDR5','8GB',0,729,22),(11,'威剛','威剛 單條8GB DDR5-5600/CL46',5600,'DDR5','8GB',0,829,22),(12,'威剛','威剛 單條16GB DDR5-4800/CL40',4800,'DDR5','16GB',0,1199,22),(13,'威剛','威剛 單條16GB DDR5-5600/CL46',5600,'DDR5','16GB',0,1299,22),(14,'威剛','威剛 單條 16GB DDR5 5600 XPG Lancer Blade',5600,'DDR5','16GB',0,1299,22),(15,'威剛','威剛 單條 16GB DDR5 6000 XPG Lancer Blade',6000,'DDR5','16GB',0,1349,22),(16,'威剛','威剛 單條32GB DDR5-4800/CL40',4800,'DDR5','32GB',0,2299,22),(17,'威剛','威剛 單條32GB DDR5-5600/CL46',5600,'DDR5','32GB',0,2499,22),(18,'金士頓','金士頓 單條16GB DDR5-4800/CL40 【雙參數】少量',4800,'DDR5','16GB',0,1370,23),(19,'金士頓','金士頓 單條16GB DDR5-5600/CL46 【雙參數】',5600,'DDR5','16GB',0,1280,23),(20,'金士頓','金士頓 單條32GB DDR5-5600/CL46 【雙參數】',5600,'DDR5','32GB',0,2480,23),(21,'金士頓','金士頓 單條16GB DDR5-5600',5600,'DDR5','16GB',0,1350,23),(22,'金士頓','金士頓 單條16GB DDR5-6000',6000,'DDR5','16GB',0,1700,23),(23,'KLEVV','KLEVV',5600,'DDR5','16GB',0,1200,24),(25,'十銓','十銓ELITE 單條16GB DDR5 5600/CL46',5600,'DDR5','16GB',0,1188,25),(27,'美光','美光Micron Crucial 單條16GB DDR5 5600/CL46',5600,'DDR5','16GB',0,1199,26),(28,'美光','美光Micron Crucial 單條32GB DDR5 5600/CL46',5600,'DDR5','32GB',0,2399,26),(29,'美光','美光Micron Crucial 單條64GB DDR5 5600/CL46',5600,'DDR5','64GB',0,4999,26),(38,'威剛','威剛 32GB',5600,'DDR5','32GB',1,2598,22),(39,'威剛','威剛 32GB',5600,'DDR5','32GB',1,2598,22),(40,'威剛','威剛 32GB',5600,'DDR5','32GB',1,2899,22),(41,'威剛','威剛 32GB',5600,'DDR5','32GB',1,2899,22),(42,'威剛','威剛 32GB',6000,'DDR5','32GB',1,2699,22),(43,'威剛','威剛 32GB',6000,'DDR5','32GB',1,2699,22),(44,'威剛','威剛 32GB',6000,'DDR5','32GB',1,3359,22),(45,'威剛','威剛 32GB',6000,'DDR5','32GB',1,3359,22),(48,'威剛','威剛 32GB',6000,'DDR5','32GB',1,3599,22),(49,'威剛','威剛 32GB',6000,'DDR5','32GB',1,3599,22),(52,'威剛','威剛 32GB',6000,'DDR5','32GB',1,3499,22),(53,'威剛','威剛 32GB',6000,'DDR5','32GB',1,3499,22),(54,'威剛','威剛 32GB',6000,'DDR5','32GB',1,3699,22),(55,'威剛','威剛 32GB',6000,'DDR5','32GB',1,3699,22),(56,'威剛','威剛 32GB',6000,'DDR5','32GB',1,3299,22),(59,'威剛','威剛 32GB',6400,'DDR5','32GB',1,3799,22),(60,'威剛','威剛 32GB',6400,'DDR5','32GB',1,3899,22),(61,'威剛','威剛 32GB',6400,'DDR5','32GB',1,3899,22),(62,'威剛','威剛 48GB',6000,'DDR5','48GB',1,4759,22),(63,'威剛','威剛 48GB',6000,'DDR5','48GB',1,4759,22),(64,'威剛','威剛 48GB',6400,'DDR5','48GB',1,4999,22),(65,'威剛','威剛 48GB',6400,'DDR5','48GB',1,4999,22),(66,'威剛','威剛 64GB',5600,'DDR5','64GB',1,4899,22),(67,'威剛','威剛 64GB',5600,'DDR5','64GB',1,5599,22),(68,'威剛','威剛 64GB',6000,'DDR5','64GB',1,6489,22),(69,'威剛','威剛 64GB',6000,'DDR5','64GB',1,6489,22),(70,'威剛','威剛 64GB',6000,'DDR5','64GB',1,6899,22),(71,'威剛','威剛 64GB',6000,'DDR5','64GB',1,6899,22),(72,'威剛','威剛 64GB',6000,'DDR5','64GB',1,6699,22),(73,'威剛','威剛 64GB',6000,'DDR5','64GB',1,6699,22),(74,'威剛','威剛 64GB',5600,'DDR5','64GB',1,5999,22),(75,'威剛','威剛 64GB',5600,'DDR5','64GB',1,5999,22),(76,'威剛','威剛 64GB',6000,'DDR5','64GB',1,7019,22),(77,'威剛','威剛 64GB',6000,'DDR5','64GB',1,7019,22),(78,'威剛','威剛 64GB',6400,'DDR5','64GB',1,7499,22),(79,'威剛','威剛 64GB',6400,'DDR5','64GB',1,7499,22),(111,'KLEVV','KLEVV',6000,'DDR5','32GB',1,3399,24),(112,'KLEVV','KLEVV',6000,'DDR5','32GB',1,3399,24),(113,'KLEVV','KLEVV',6000,'DDR5','64GB',1,6359,24),(114,'KLEVV','KLEVV',6400,'DDR5','32GB',1,2999,24),(115,'KLEVV','KLEVV',6400,'DDR5','32GB',1,3599,24),(116,'KLEVV','KLEVV',6400,'DDR5','32GB',1,3599,24),(117,'KLEVV','KLEVV',6400,'DDR5','64GB',1,6799,24),(118,'KLEVV','KLEVV',6400,'DDR5','64GB',1,6799,24),(120,'金士頓','金士頓 32GB',5600,'DDR5','32GB',1,2780,23),(121,'金士頓','金士頓 32GB',5600,'DDR5','32GB',1,2780,23),(122,'金士頓','金士頓 32GB',5600,'DDR5','32GB',1,3100,23),(123,'金士頓','金士頓 32GB',5600,'DDR5','32GB',1,3100,23),(124,'金士頓','金士頓 32GB',6000,'DDR5','32GB',1,3288,23),(125,'金士頓','金士頓 32GB',6000,'DDR5','32GB',1,3288,23),(126,'金士頓','金士頓 32GB',6000,'DDR5','32GB',1,3688,23),(127,'金士頓','金士頓 32GB',6400,'DDR5','32GB',1,3980,23),(128,'金士頓','金士頓 32GB',6400,'DDR5','32GB',1,3980,23),(129,'金士頓','金士頓 32GB',6400,'DDR5','32GB',1,4150,23),(130,'金士頓','金士頓 32GB',6400,'DDR5','32GB',1,4150,23),(131,'金士頓','金士頓 64GB',5600,'DDR5','64GB',1,5250,23),(132,'金士頓','金士頓 64GB',5600,'DDR5','64GB',1,5250,23),(133,'金士頓','金士頓 64GB',6000,'DDR5','64GB',1,6350,23),(134,'金士頓','金士頓 64GB',6000,'DDR5','64GB',1,6350,23),(135,'金士頓','金士頓 64GB',6000,'DDR5','64GB',1,6500,23),(136,'金士頓','金士頓 64GB',6000,'DDR5','64GB',1,6500,23),(137,'金士頓','金士頓 64GB',6400,'DDR5','64GB',1,6950,23),(138,'金士頓','金士頓 64GB',6400,'DDR5','64GB',1,6950,23),(139,'金士頓','金士頓 64GB',6400,'DDR5','64GB',1,7780,23),(140,'金士頓','金士頓 64GB',6400,'DDR5','64GB',1,7780,23),(141,'金士頓','金士頓 32GB',6400,'DDR5','32GB',1,4690,23),(142,'金士頓','金士頓 32GB',7200,'DDR5','32GB',1,6500,23),(143,'金士頓','金士頓 32GB',7200,'DDR5','32GB',1,6500,23),(144,'十銓','十銓ELITE 32GB',5600,'DDR5','32GB',1,2599,25),(152,'十銓','十銓T-Force Delta 炫光RGB系列 32GB',6400,'DDR5','32GB',1,3799,25),(153,'十銓','十銓T-Force Delta 炫光RGB系列 32GB',6400,'DDR5','32GB',1,3799,25),(154,'十銓','十銓T-Force Delta 炫光RGB系列 32GB',7200,'DDR5','32GB',1,4099,25),(155,'十銓','十銓T-Force Delta 炫光RGB系列 32GB',7200,'DDR5','32GB',1,4099,25),(161,'十銓','十銓XTREEM 玄鏡散熱片 32GB',7200,'DDR5','32GB',1,4299,25),(162,'十銓','十銓XTREEM 玄鏡散熱片 32GB',7200,'DDR5','32GB',1,4299,25),(163,'十銓','十銓XTREEM 玄鏡散熱片 32GB',7200,'DDR5','32GB',1,4299,25),(164,'十銓','十銓XTREEM ARGB幻鏡炫彩 32GB',7200,'DDR5','32GB',1,4399,25),(165,'十銓','十銓XTREEM ARGB幻鏡炫彩 32GB',7200,'DDR5','32GB',1,4399,25),(166,'美光','美光Micron Crucial 64GB',4800,'DDR5','64GB',1,4799,26),(167,'美光','美光Micron Crucial 32GB',5600,'DDR5','32GB',1,2399,26),(168,'美光','美光Micron Crucial 64GB',5600,'DDR5','64GB',1,4799,26),(169,'美光','美光Micron Crucial 128GB',128,'DDR5','128GB',1,9999,26),(170,'美光','美光Micron Crucial PRO 超頻 32GB',5600,'DDR5','32GB',1,2399,26),(171,'美光','美光Micron Crucial PRO 超頻 64GB',5600,'DDR5','64GB',1,4799,26),(172,'美光','美光Micron Crucial PRO 超頻 96GB',5600,'DDR5','96GB',1,7188,26),(250,'威剛','威剛 NB 8GB DDR5 4800',4800,'DDR5','8GB',0,729,22),(251,'威剛','威剛 NB 16GB DDR5 4800',4800,'DDR5','16GB',0,1199,22),(252,'威剛','威剛 NB 32GB DDR5-4800/CL40',4800,'DDR5','32GB',0,2299,22),(253,'威剛','威剛 NB 8GB DDR5-5600/CL46',5600,'DDR5','8GB',0,829,22),(254,'威剛','威剛 NB 16GB DDR5-5600/CL46',5600,'DDR5','16GB',0,1299,22),(255,'威剛','威剛 NB 32GB DDR5-5600/CL46',5600,'DDR5','32GB',0,2499,22),(256,'金士頓','金士頓 NB 16GB DDR5 5600',5600,'DDR5','16GB',0,1300,23),(257,'金士頓','金士頓 NB 32GB DDR5 5600',5600,'DDR5','32GB',0,2500,23),(258,'美光','美光Micron Crucial NB 8GB DDR5 4800/CL40',4800,'DDR5','8GB',0,699,26),(259,'美光','美光Micron Crucial NB 16GB DDR5 5600/CL46',5600,'DDR5','16GB',0,1199,26),(260,'美光','美光Micron Crucial NB 32GB DDR5 5600/CL46',5600,'DDR5','32GB',0,2399,26),(261,'美光','美光Micron Crucial NB 64GB DDR5 5600/CL46',5600,'DDR5','64GB',0,4999,26),(262,'美光','美光Micron Crucial NB 雙通16G*2 DDR5 5600/CL46',5600,'DDR5','16GB',1,2399,26),(263,'美光','美光Micron Crucial NB 雙通32G*2 DDR5 5600/CL46',5600,'DDR5','32GB',1,4799,26),(264,'美光','美光Micron Crucial NB 雙通64G*2 DDR5 5600/CL46',5600,'DDR5','64GB',1,9999,26),(274,'威剛','威剛 8GB DDR4-3200',3200,'DDR4','8GB',0,499,22),(275,'威剛','威剛 8GB DDR4-3200 XPG D10超頻CL16',3200,'DDR4','8GB',0,529,22),(276,'威剛','威剛 16GB DDR4-3200',3200,'DDR4','16GB',0,899,22),(277,'威剛','威剛 16GB DDR4-3200 XPG D10超頻CL16',3200,'DDR4','16GB',0,949,22),(278,'威剛','威剛 32GB DDR4-3200',3200,'DDR4','32GB',0,1699,22),(279,'十銓','十銓ELITE 16GB DDR4-3200',3200,'DDR4','16GB',0,859,25),(280,'KLEVV','KLEVV',3200,'DDR4','16GB',0,770,24),(281,'KLEVV','KLEVV',3200,'DDR4','32GB',0,1499,24),(282,'KLEVV','KLEVV',3200,'DDR4','16GB',1,950,24),(283,'KLEVV','KLEVV',3200,'DDR4','32GB',1,1799,24),(284,'金士頓','金士頓 8GB DDR4-3200 FURY Beast',3200,'DDR4','8GB',0,540,23),(285,'金士頓','金士頓 16GB DDR4-3200',3200,'DDR4','16GB',0,890,23),(286,'金士頓','金士頓 16GB DDR4-3200 FURY Beast',3200,'DDR4','16GB',0,950,23),(287,'金士頓','金士頓 32GB DDR4-3200',3200,'DDR4','32GB',0,1650,23),(288,'金士頓','金士頓 32GB DDR4-3200 FURY Beast',3200,'DDR4','32GB',0,1700,23),(289,'金士頓','金士頓 32GB DDR4-3600 FURY Beast',3600,'DDR4','32GB',0,1900,23),(290,'美光','美光 Micron Crucial 8GB DDR4-3200',3200,'DDR4','8GB',0,499,26),(291,'美光','美光 Micron Crucial 16GB DDR4-3200',3200,'DDR4','16GB',0,880,26),(292,'美光','美光 Micron Crucial 32GB DDR4-3200',3200,'DDR4','32GB',0,1599,26),(310,'金士頓','金士頓 16GB',3200,'DDR4','16GB',1,1050,23),(311,'金士頓','金士頓 16GB',3200,'DDR4','16GB',1,1288,23),(312,'金士頓','金士頓 16GB',3600,'DDR4','16GB',1,1130,23),(313,'金士頓','金士頓 32GB',3200,'DDR4','32GB',1,1900,23),(314,'金士頓','金士頓 32GB',3200,'DDR4','32GB',1,2250,23),(315,'金士頓','金士頓 32GB',3600,'DDR4','32GB',1,1990,23),(316,'金士頓','金士頓 32GB',3600,'DDR4','32GB',1,2400,23),(317,'金士頓','金士頓 64GB',3200,'DDR4','64GB',1,3588,23),(318,'十銓','十銓 T-Create Expert 引領者散熱片系列 16GB',3200,'DDR4','16GB',1,999,25),(319,'十銓','十銓 T-Create Expert 引領者散熱片系列 16GB',3600,'DDR4','16GB',1,1049,25),(320,'十銓','十銓 T-Create Expert 引領者散熱片系列 32GB',3200,'DDR4','32GB',1,1888,25),(321,'十銓','十銓 T-Create Expert 引領者散熱片系列 32GB',3600,'DDR4','32GB',1,1999,25),(322,'十銓','十銓 T-Create Expert 引領者散熱片系列 64GB',3200,'DDR4','64GB',1,3699,25),(323,'十銓','十銓 T-Create Expert 引領者散熱片系列 64GB',3600,'DDR4','64GB',1,3799,25),(324,'十銓','十銓 T-Force Delta 炫光RGB系列 16GB',3200,'DDR4','16GB',1,1169,25),(325,'十銓','十銓 T-Force Delta 炫光RGB系列 16GB',3200,'DDR4','16GB',1,1169,25),(326,'十銓','十銓 T-Force Delta 炫光RGB系列 16GB',3600,'DDR4','16GB',1,1199,25),(327,'十銓','十銓 T-Force Delta 炫光RGB系列 16GB',3600,'DDR4','16GB',1,1199,25),(328,'十銓','十銓 T-Force Delta 炫光RGB系列 32GB',3200,'DDR4','32GB',1,1899,25),(329,'十銓','十銓 T-Force Delta 炫光RGB系列 32GB',3200,'DDR4','32GB',1,1899,25),(330,'十銓','十銓 T-Force Delta 炫光RGB系列 32GB',3600,'DDR4','32GB',1,1999,25),(331,'十銓','十銓 T-Force Delta 炫光RGB系列 64GB',3200,'DDR4','64GB',1,3599,25),(346,'美光','美光 Micron Crucial 32GB',3200,'DDR4','32GB',1,1599,26),(357,'威剛','威剛 NB 8GB DDR4-3200',3200,'DDR4','8GB',0,499,22),(358,'威剛','威剛 NB 16GB DDR4-3200',3200,'DDR4','16GB',0,899,22),(359,'金士頓','金士頓 NB 8GB DDR4-3200',3200,'DDR4','8GB',0,488,23),(360,'金士頓','金士頓 NB 16GB DDR4-3200',3200,'DDR4','16GB',0,890,23),(362,'美光','美光 NB 8GB DDR4-3200',3200,'DDR4','8GB',0,495,26),(363,'美光','美光 NB 16GB DDR4-3200',3200,'DDR4','16GB',0,888,26),(364,'美光','美光 NB 32GB DDR4-3200',3200,'DDR4','32GB',0,1599,26),(366,'金士頓','金士頓 8G DDR3-1600',1600,'DDR3','8GB',0,1200,23),(369,'金士頓','金士頓 NB 4GB DDR3L-1600 低電壓',1600,'DDR3','4GB',0,630,23),(370,'金士頓','金士頓 NB 8GB DDR3-1600',1600,'DDR3','8GB',0,1200,23),(371,'金士頓','金士頓 NB 8GB DDR3L-1600 低電壓',1600,'DDR3','8GB',0,1200,23),(392,'金士頓','金士頓16GB 3200MHz DDR4 ECC CL22 DIMM 2R*8 Hynix',3200,'DDR4','16GB',0,2100,23),(393,'金士頓','金士頓32GB 3200MHz DDR4 ECC CL22 DIMM 2R*8 Hynix C',3200,'DDR4','32GB',0,3900,23);
/*!40000 ALTER TABLE `ram_table` ENABLE KEYS */;
UNLOCK TABLES;

--
-- Table structure for table `storage_table`
--

DROP TABLE IF EXISTS `storage_table`;
/*!40101 SET @saved_cs_client     = @@character_set_client */;
/*!50503 SET character_set_client = utf8mb4 */;
CREATE TABLE `storage_table` (
  `id` int unsigned NOT NULL AUTO_INCREMENT,
  `brand` varchar(255) NOT NULL,
  `name` varchar(255) NOT NULL,
  `model` varchar(50) DEFAULT NULL,
  `type` varchar(50) DEFAULT NULL,
  `form` varchar(50) DEFAULT NULL,
  `capacity` int unsigned DEFAULT NULL,
  `price` int unsigned DEFAULT NULL,
  `brand_id` int DEFAULT NULL,
  PRIMARY KEY (`id`),
  KEY `fk_storage_brand` (`brand_id`),
  CONSTRAINT `fk_storage_brand` FOREIGN KEY (`brand_id`) REFERENCES `brand_table` (`id`)
) ENGINE=InnoDB AUTO_INCREMENT=15 DEFAULT CHARSET=utf8mb4 COLLATE=utf8mb4_0900_ai_ci;
/*!40101 SET character_set_client = @saved_cs_client */;

--
-- Dumping data for table `storage_table`
--

LOCK TABLES `storage_table` WRITE;
/*!40000 ALTER TABLE `storage_table` DISABLE KEYS */;
INSERT INTO `storage_table` VALUES (1,'威剛','威剛 Ultimate SU800 1TB/2.5吋/讀:560M/寫:520M/TLC/DRAM快取/SMI/台灣製【五年】','SU800','SSD','2.5',1024,2650,22),(2,'WD','WD Blue SA510 500GB','SA510','SSD','2.5',500,1300,27),(3,'WD','WD Blue SA510 1TB','SA510','SSD','2.5',1024,2100,27),(4,'十銓','十銓 T-Force Vulcan Z 火神Z 1TB/2.5吋 讀550MB:寫500MB/3D NAND/TLC【三年保】','NAND','SSD','2.5',1024,1699,25),(5,'十銓','十銓 T-Force Vulcan Z 火神Z 2TB/2.5吋 讀550MB:寫500MB/3D NAND/TLC【三年保】','NAND','SSD','2.5',2048,3299,25),(6,'十銓','十銓 T-Force Vulcan Z 火神Z 4TB/2.5吋 讀550MB:寫500MB/3D NAND/TLC【三年保】','NAND','SSD','2.5',4096,6499,25),(7,'美光','美光Micron Crucial BX500 1TB/2.5吋/讀:540M/寫:500M/TLC顆粒【三年保】','BX500','SSD','2.5',1024,1890,26),(8,'美光','美光Micron Crucial BX500 2TB/2.5吋/讀:540M/寫:500M/TLC顆粒【三年保】','BX500','SSD','2.5',2048,3699,26),(9,'美光','美光Micron Crucial BX500 4TB/2.5吋/讀:540M/寫:500M/TLC顆粒【三年保】','BX500','SSD','2.5',4096,7388,26),(10,'三星','三星 Samsung 870 EVO 1TB/2.5吋/讀:560/寫:530/TLC/【五年保】星睿奇','3499','SSD','2.5',1024,3499,28),(11,'三星','三星 Samsung 870 EVO 2TB/2.5吋/讀:560/寫:530/TLC/【五年保】星睿奇','6190','SSD','2.5',2048,6190,28),(12,'三星','三星 Samsung 870 EVO 4TB/2.5吋/讀:560/寫:530/TLC/【五年保】星睿奇','11999','SSD','2.5',4096,11999,28),(13,'三星','三星 Samsung 870 QVO 4TB/2.5吋/讀:560/寫:530/QLC/【三年保】星睿奇','11499','SSD','2.5',4096,11499,28),(14,'三星','三星 Samsung 870 QVO 8TB/2.5吋/讀:560/寫:530/QLC/【三年保】星睿奇','22999','SSD','2.5',8192,22999,28);
/*!40000 ALTER TABLE `storage_table` ENABLE KEYS */;
UNLOCK TABLES;
/*!40103 SET TIME_ZONE=@OLD_TIME_ZONE */;

/*!40101 SET SQL_MODE=@OLD_SQL_MODE */;
/*!40014 SET FOREIGN_KEY_CHECKS=@OLD_FOREIGN_KEY_CHECKS */;
/*!40014 SET UNIQUE_CHECKS=@OLD_UNIQUE_CHECKS */;
/*!40101 SET CHARACTER_SET_CLIENT=@OLD_CHARACTER_SET_CLIENT */;
/*!40101 SET CHARACTER_SET_RESULTS=@OLD_CHARACTER_SET_RESULTS */;
/*!40101 SET COLLATION_CONNECTION=@OLD_COLLATION_CONNECTION */;
/*!40111 SET SQL_NOTES=@OLD_SQL_NOTES */;

-- Dump completed on 2025-06-20  4:31:07
